ORIGINAL_WORD,GENTLE_GENERATED,START_TIME,END_TIME
hey,hey,0.01,0.13
everybody,everybody,0.13,0.66
it's,it's,0.74,0.9199999999999999
your,your,0.92,1.1
personal,personal,1.1,1.54
trainer,trainer,1.54,1.94
coach,coach,1.94,2.21
Kozak,<unk>,2.23,2.71
here,here,2.71,2.86
from,from,2.86,3.03
HASFIT,<unk>,3.03,3.59
And,and,3.66,3.85
I'm,i'm,3.85,4.0200000000000005
Claudia,claudia,4.02,4.529999999999999
and,and,4.55,4.74
this,this,4.74,4.83
is,is,4.83,4.95
our,our,4.95,5.0600000000000005
beginner,beginner,5.06,5.539999999999999
weight,weight,5.54,5.7700000000000005
training,training,5.77,6.09
routine,routine,6.09,6.57
this,this,6.79,7.0
routine,routine,7.0,7.29
is,is,7.29,7.39
great,great,7.39,7.699999999999999
for,for,7.7,7.8100000000000005
both,both,7.81,8.059999999999999
men,men,8.08,8.51
and,and,8.54,8.909999999999998
women,women,8.91,9.31
of,of,9.45,9.649999999999999
a,a,9.65,9.700000000000001
beginner,beginner,9.7,10.129999999999999
fitness,fitness,10.13,10.600000000000001
level,level,10.599999,10.999999
the,the,11.09,11.23
only,only,11.23,11.46
equipment,equipment,11.469999,11.759998999999999
required,required,11.8,12.31
for,for,12.309999,12.439999
this,this,12.44,12.65
workout,workout,12.65,13.24
is,is,13.45,13.709999999999999
a,a,13.71,13.780000000000001
pair,pair,13.78,14.049999999999999
of,of,14.049999,14.189999
dumbbells,dumbbells,14.19,14.83
now,now,15.04,15.229999999999999
that,that,15.23,15.530000000000001
weight,weight,15.82,16.23
of,of,16.25,16.41
the,the,16.41,16.49
dumbbells,dumbbells,16.49,17.049999999999997
is,is,17.049999,17.219999
going,going,17.219999,17.259999
to,to,17.26,17.28
be,be,17.289999,17.449999000000002
totally,totally,17.449999,18.119999
determined,determined,18.27,18.849999999999998
by,by,18.85,19.16
your,your,19.19,19.400000000000002
current,current,19.41,19.75
fitness,fitness,19.75,20.17
level,level,20.17,20.520000000000003
just,just,20.67,21.0
remember,remember,21.0,21.5
it's,it's,21.509999999999998,21.74
much,much,21.759999999999998,22.319999999999997
better,better,22.63,23.119999999999997
to,to,23.12,23.310000000000002
start,start,23.31,23.709999999999997
light,light,23.71,24.01
and,and,24.03,24.34
work,work,24.34,24.65
your,your,24.65,24.77
way,way,24.77,25.06
up,up,25.06,25.32
than,than,25.54,25.86
the,the,25.86,25.97
other,other,25.990000000000002,26.28
way,way,26.28,26.540000000000003
around,around,26.54,26.98
the,the,27.15,27.279999999999998
only,only,27.55,27.900000000000002
other,other,27.9,28.119999999999997
equipment,equipment,28.130000000000003,28.480000000000004
that,that,28.48,28.59
you,you,28.59,28.72
may,may,28.719999,28.909999000000003
want,want,28.91,29.16
for,for,29.16,29.28
this,this,29.28,29.450000000000003
workout,workout,29.45,29.919999999999998
is,is,30.11,30.37
a,a,30.369999999999997,30.449999999999996
chair,chair,30.45,30.96
or,or,30.990000000000002,31.270000000000003
a,a,31.27,31.33
box,box,31.33,31.959999999999997
for,for,31.969999,32.219999
some,some,32.219999,32.389999
of,of,32.389999,32.469999
the,the,32.469999,32.539999
modified,modified,32.54,33.17
movements,movements,33.179999,33.739999000000005
we're,we're,34.07,34.2
going,,,
to,,,
do,do,34.379999,34.529999
the,the,34.529999000000004,34.639999
whole,whole,34.639999,34.919999000000004
thing,thing,34.93,35.21
with,with,35.209998999999996,35.419999
you,you,35.42,35.620000000000005
ready,ready,36.0,36.32
to,to,36.32,36.37
get,get,36.37,36.559999999999995
this,this,36.56,36.75
thing,thing,36.76,36.97
going,going,36.97,37.339999999999996
all,all,37.35,37.49
right,right,37.49,37.760000000000005
we're,we're,37.87,38.019999999999996
going,going,38.02,38.1
to,to,38.1,38.160000000000004
start,start,38.17,38.510000000000005
with,with,38.51,38.78
either,either,38.96,39.25
a,a,39.25,39.38
dumbbell,dumbbell,39.4,39.97
crusher,<unk>,40.01,40.669999999999995
or,or,40.95,41.5
a,a,41.88,42.24
dumbbell,dumbbell,42.69,43.18
t,t,43.21,43.5
row,row,43.5,43.77
so,so,43.79,44.07
if,if,44.25,44.64
you,you,44.74,44.97
want,,,
to,to,45.16,45.18
do,do,45.179999,45.289999
the,the,45.29,45.42
easier,easier,45.42,45.75
modified,modified,45.75,46.26
versions,versions,46.26,46.73
you,you,46.730000000000004,46.830000000000005
go,go,46.83,46.93
and,and,46.929999,47.069999
follow,follow,47.07,47.35
Claudia,claudia,47.349999,47.729999
she's,she's,47.730000000000004,47.940000000000005
going,going,48.230000000000004,48.27
to,to,48.269999999999996,48.29
be,be,48.3,48.41
using,using,48.41,48.83
one,one,48.83,49.15
dumbbell,dumbbell,49.15,49.6
I'm,i'm,49.62,49.809999999999995
going,,,
to,,,
use,use,49.980000000000004,50.290000000000006
two,two,50.29,50.68
so,so,50.92,51.29
that's,that's,51.79,52.019999999999996
the,the,52.019999999999996,52.13999999999999
main,main,52.15,52.699999999999996
difference,difference,52.699999,53.229999
I'm,i'm,53.369999,53.519999
going,going,53.549999,53.589999
to,to,53.59,53.67
squeeze,squeeze,53.68,54.25
these,these,54.25,54.5
together,together,54.5,55.06
and,and,55.06,55.150000000000006
I'm,i'm,55.15,55.23
going,going,55.27,55.31
to,to,55.31,55.43
pull,pull,55.46,55.94
back,back,55.95,56.470000000000006
and,and,56.87,57.059999999999995
Claudia,claudia,57.06,57.330000000000005
is,is,57.33,57.44
just,just,57.44,57.55
going,,,
to,,,
interlock,<unk>,57.94,58.36
her,her,58.39,58.57
fingers,fingers,58.57,59.14
and,and,59.16,59.339999999999996
pull,pull,59.34,59.540000000000006
back,back,59.54,59.86
either,either,59.91,60.13999999999999
way,way,60.14,60.35
we're,we're,60.35,60.51
both,both,60.519999999999996,60.839999999999996
pulling,pulling,60.84,61.09
back,back,61.1,61.42
on,on,61.49,61.75
our,our,61.75,61.88
elbows,elbows,61.89,62.65
keeping,keeping,63.57,63.78
those,those,63.78,63.93
elbows,elbows,63.95,64.35000000000001
tucked,tucked,64.42,64.75
in,in,64.75,64.93
nice,nice,64.929999,65.159999
and,and,65.16,65.3
tight,tight,65.3,65.55
to,to,65.55,65.57
the,the,65.59,65.7
body,body,65.7,66.04
pulling,pulling,66.07,66.35
back,back,66.349999,66.639999
we're,we're,66.65,66.78
keeping,keeping,66.78,67.03
our,our,67.03,67.15
core,core,67.19,67.59
tight,tight,67.7,68.07000000000001
and,and,68.07,68.24
straight,straight,68.24,68.80999999999999
and,,,
our,our,69.16,69.28999999999999
upper,upper,69.32,69.61
body,body,69.61,70.08
is,is,70.09,70.28
on,on,70.279999,70.409999
a,,,
45,<unk>,70.509999,71.559999
degree,degree,71.799999,72.22999899999999
angle,angle,72.4,72.9
now,now,73.48,73.62
we're,we're,73.62,73.72
not,not,73.72,73.91
going,going,73.91,73.99
to,to,73.99,74.07
count,count,74.07,74.36999999999999
any,any,74.42,74.79
repetitions,repetitions,74.79,75.51
today,today,75.51,75.95
I,i,76.08,76.2
just,just,76.2,76.4
want,want,76.4,76.56
you,you,76.56,76.63
to,to,76.63,76.69999999999999
try,try,76.7,76.88000000000001
to,to,76.88,76.97
perform,perform,76.97,77.37
as,as,77.37,77.53
many,many,77.53,77.85
moves,moves,77.85,78.28
as,as,78.46,78.75999999999999
you,you,78.76,78.9
can,can,78.9,79.51
in,in,79.67,79.9
allotted,allotted,79.9,80.54
time,time,80.559999,80.939999
period,period,80.95,81.51
work,work,82.179999,82.469999
at,at,82.469999,82.579999
your,your,82.58,82.76
own,own,82.76,83.01
pace,pace,83.01,83.62
but,but,83.969999,84.169999
at,at,84.17,84.28
the,the,84.28,84.37
same,same,84.37,84.72
time,time,84.719999,84.959999
be,be,84.96000000000001,85.11000000000001
sure,sure,85.11,85.28
to,to,85.28,85.38
push,push,85.38,85.64
yourself,yourself,85.639999,86.079999
because,because,86.08,86.23
nobody,nobody,86.24,86.75
else,else,86.75,87.0
can,can,87.0,87.14
do,do,87.139999,87.309999
it,it,87.309999,87.39999900000001
for,for,87.4,87.64
you,you,87.639999,87.75999900000001
breathe,breathe,88.940001,89.410001
nice,nice,90.02,90.39
work,work,90.389999,90.699999
keep,keep,91.47,91.67999999999999
it,,,
going,going,91.81,92.29
pulling,pulling,92.29,92.58000000000001
back,back,92.58,92.87
on,on,92.87,93.02000000000001
those,those,93.02,93.28
elbows,elbows,93.28,93.68
keeping,keeping,93.69,93.89999999999999
them,them,93.9,94.05000000000001
tight,tight,94.05,94.3
to,to,94.32,94.39999999999999
your,your,94.4,94.52000000000001
body,body,94.52,95.03
in,in,95.31,95.56
five,five,95.57,96.35
four,four,96.81,97.61
three,three,98.05,98.69
two,two,99.25,99.98
and,and,100.19,100.73
one,one,100.75,101.17
okay,okay,101.17,101.46000000000001
we're,we're,101.46000000000001,101.54
going,,,
to,,,
go,go,101.77,102.00999999999999
to,to,102.009999,102.11999899999999
the,the,102.12,102.2
ground,ground,102.2,102.63000000000001
for,for,102.63,102.72
the,the,102.719999,102.809999
next,next,102.809999,103.14999900000001
one,one,103.15,103.25
it's,,,
going,going,103.38,103.42
to,to,103.42,103.48
be,be,103.49,103.61
a,a,103.61,103.69
combo,combo,103.69,104.22
movement,movement,104.219999,104.709999
we're,we're,105.75,106.08
going,,,
to,,,
need,,,
both,both,106.48,106.85000000000001
weights,weights,106.859999,107.329999
for,for,107.34,107.48
this,this,107.48,107.75
one,one,107.75,107.99
we're,we're,108.889999,109.00999900000001
going,,,
to,,,
do,do,109.18,109.35000000000001
a,a,109.35,109.53999999999999
hip,hip,109.77,110.1
up,up,110.1,110.5
plus,plus,110.77,111.44
chest,chest,111.54,111.89
press,press,111.9,112.25
we're,we're,112.25,112.34
going,,,
to,,,
drive,,,
off,off,112.93,113.12
our,our,113.12,113.26
heels,heels,113.26,113.67
and,and,113.67,113.79
at,at,113.79,113.86
the,the,113.86,113.95
same,same,113.95,114.33
time,time,114.33,114.64
we're,we're,114.64,114.71
going,going,114.71,114.80999999999999
to,to,114.81,114.88
press,press,114.88,115.19
the,the,115.19,115.31
dumbbell,dumbbell,115.31,115.65
straight,straight,115.65,115.92
up,up,115.92,116.17
and,and,116.51,116.89
back,back,116.9,117.26
down,down,117.28,117.75
getting,getting,118.28999999999999,118.60999999999999
a,a,118.61,118.67999999999999
lot,lot,118.679999,119.16999899999999
of,of,119.17,119.31
different,different,119.309999,119.809999
body,body,120.639999,121.03999900000001
parts,parts,121.03999999999999,121.71
worked,worked,122.099999,122.629999
in,in,122.679999,122.959999
this,this,122.96000000000001,123.24000000000001
one,one,123.24,123.47999999999999
so,so,123.48,123.67
we're,we're,123.67,123.8
getting,getting,123.799999,124.139999
your,,,
hamstrings,hamstrings,124.15,124.89
your,,,
glutes,,,
your,,,
lower,lower,125.52,125.81
back,back,125.809999,126.169999
your,your,126.190001,126.370001
abs,abs,126.41,127.2
chest,chest,127.359999,127.819999
shoulders,shoulders,127.82,128.53
triceps,triceps,128.54,129.15
the,the,129.15,129.27
list,list,129.27,129.71
goes,goes,130.15,130.68
on,on,130.72,131.24
but,but,131.55,131.75
it's,it's,131.76,131.85
a,a,131.85,131.93
very,very,131.93,132.35
efficient,efficient,132.36,132.77
movement,movement,132.78,133.5
getting,getting,133.8,134.01000000000002
a,a,134.01,134.06
lot,lot,134.059999,134.32999900000002
of,of,134.33,134.44000000000003
work,work,134.44,134.7
in,in,134.7,134.89
in,in,134.889999,135.04999899999999
a,a,135.05,135.11
short,short,135.11,135.51000000000002
period,period,135.51,135.88
of,of,135.88,135.95
time,time,135.95,136.33999999999997
drive,drive,136.889999,137.319999
off,off,137.32,137.54
those,those,137.54,137.76
heels,heels,137.759999,138.089999
squeeze,squeeze,138.099999,138.529999
the,,,
gluts,,,
up,,,
at,,,
the,the,139.049999,139.15999900000003
top,top,139.16,139.57
try,try,139.86,140.05
your,your,140.049999,140.149999
best,best,140.15,140.42000000000002
not,not,140.42,140.54999999999998
to,to,140.549999,140.75999900000002
hyperextend,<unk>,141.12,141.86
your,your,141.86,141.97000000000003
back,back,141.98,142.29999999999998
to,to,142.309999,142.409999
just,just,142.41,142.7
come,come,142.699999,142.939999
up,up,142.940001,143.090001
until,until,143.09,143.34
your,your,143.34,143.6
upper,upper,143.949999,144.219999
body,body,144.219999,144.539999
is,is,144.54,144.72
in,in,144.73,144.81
this,this,144.81,144.95
nice,nice,144.97,145.21
straight,straight,145.23,145.7
line,line,145.69,146.10999999999999
and,and,146.74,146.77
make,make,146.78,147.08
sure,sure,147.08,147.27
not,not,147.27,147.48000000000002
to,to,147.48,147.6
bounce,bounce,147.61,147.97000000000003
your,your,147.97,148.12
arms,arms,148.12,148.41
off,off,148.41,148.54999999999998
the,the,148.55,148.67000000000002
ground,ground,148.67,149.05999999999997
either,either,149.06,149.51
nice,nice,150.17,150.54
work,work,150.54,150.95999999999998
breathe,breathe,151.23999999999998,152.11999999999998
one,one,152.54,153.04999999999998
right,right,153.059999,153.409999
into,into,153.44,153.79
the,the,153.79,153.92999999999998
next,next,153.929999,154.53999900000002
moving,moving,155.099999,155.379999
at,at,155.38,155.54
a,a,155.54,155.59
pace,pace,155.59,155.96
that,that,155.96,156.09
you,you,156.09,156.32
feel,feel,156.32,156.66
comfortable,comfortable,156.66,157.22
with,with,157.219999,157.609999
you,you,158.73,158.89999999999998
got,got,158.9,159.20000000000002
it,it,159.2,159.33999999999997
almost,almost,160.74,161.09
there,there,161.1,161.45
let's,let's,162.77,162.94
go,go,162.96,163.12
five,five,163.14,163.54
more,more,163.54,163.76999999999998
seconds,seconds,163.77,164.27
on,on,164.27,164.44
this,this,164.44,164.71
one,one,164.71,165.04000000000002
and,and,166.08,166.39000000000001
four,four,166.4,167.1
three,three,167.65,168.21
two,two,168.94,169.59
one,one,170.23,170.91
and,and,170.98,171.48999999999998
done,done,171.54,171.98
okay,okay,171.98,172.5
we're,we're,172.9,173.08
on,on,173.08,173.33
to,to,173.33,173.45000000000002
our,our,173.45,173.61999999999998
feet,feet,173.67,173.89999999999998
for,for,173.9,174.03
the,the,174.03,174.11
next,next,174.11,174.42000000000002
one,one,174.42,174.67
need,need,175.719999,176.019999
both,both,176.02,176.35000000000002
weights,weights,176.349999,176.709999
again,again,176.75,177.2
we're,we're,177.98,178.13
going,,,
to,,,
either,,,
do,,,
a,a,178.75,178.87
stiff,stiff,178.879999,179.329999
leg,leg,179.32999999999998,179.55999999999997
deadlift,<unk>,179.559999,180.119999
plus,plus,180.459999,180.779999
shrug,shrug,180.78,181.25
or,or,181.47,181.67
Claudia,claudia,181.67,181.95999999999998
is,is,181.96,182.1
going,going,182.1,182.2
to,to,182.2,182.26
show,show,182.26,182.47
you,you,182.47,182.7
an,an,182.7,182.85999999999999
RDL,<unk>,182.87,183.47
which,which,183.48,183.66
stands,stands,183.66,183.9
for,for,183.9,184.07
Romanian,romanian,184.07,184.73999999999998
deadlift,<unk>,184.74,185.37
I,i,185.37,185.38
didn't,didn't,185.38,185.53
make,make,185.53,185.79
that,that,185.79,186.01
up,up,186.01,186.23999999999998
plus,plus,186.76,187.12
shrug,shrug,187.58,187.62
either,either,188.66,188.87
way,way,188.87,189.16
we're,we're,189.34,189.49
going,going,189.49,189.57000000000002
to,to,189.57,189.62
put,put,189.83,189.98000000000002
our,our,189.98,190.07
weight,weight,190.07,190.39
back,back,190.389999,190.599999
in,in,190.599999,190.679999
our,our,190.679999,190.769999
hips,hips,190.77,191.07000000000002
little,little,191.09,191.68
bend,bend,191.69,191.95
the,the,191.96,192.08
knee,knee,192.08,192.45000000000002
I'm,i'm,192.58,192.77
going,going,192.79,192.82999999999998
to,to,192.83,192.86
go,go,192.86,193.06
all,all,193.11,193.51000000000002
the,the,193.53,193.63
way,way,193.63,193.87
down,down,193.87,194.37
and,and,194.66,194.85
I'm,i'm,194.849999,194.929999
going,going,194.929999,195.029999
to,to,195.03,195.06
bring,bring,195.059999,195.249999
my,my,195.25,195.37
hips,hips,195.37,195.61
forward,forward,195.61,196.06
and,and,196.129999,196.319999
shrug,shrug,196.32,196.67
Claudia's,,,
just,just,197.18,197.34
going,going,197.34,197.46
to,to,197.459999,197.529999
come,come,197.539999,197.79999899999999
and,and,198.01,198.17
bring,bring,198.17000000000002,198.33
her,her,198.32999999999998,198.41
hands,hands,198.41,198.73
just,just,198.73,199.11999999999998
below,below,199.15,199.46
her,her,199.46,199.57000000000002
knees,knees,199.57,200.14
and,and,200.45,200.7
then,then,200.7,200.88
repeat,repeat,200.89,201.26
that,that,201.26,201.47
same,same,201.47,201.77
shrug,shrug,201.78,202.33
so,so,202.87,203.07
we're,we're,203.07,203.20999999999998
driving,driving,203.87,204.67000000000002
our,our,204.67,204.82999999999998
hips,hips,204.83,205.21
backwards,backwards,205.22,206.04
all,all,207.66,207.94
the,the,207.94,208.01
way,way,208.01,208.14
up,up,208.139999,208.26999899999998
hips,hips,208.28,208.53
forward,forward,208.849999,209.439999
and,and,209.469999,209.659999
then,then,209.66,209.82999999999998
shrug,shrug,209.83,210.37
bringing,bringing,210.42,211.0
your,your,211.009999,211.51999899999998
shoulders,shoulders,211.929999,212.47999900000002
up,up,212.5,212.75
to,to,212.75,213.01
your,your,213.009999,213.229999
ears,ears,213.23,213.78
feel,feel,215.26,215.48999999999998
that,that,215.49,215.71
stretch,stretch,215.709999,216.309999
in,in,216.309999,216.429999
your,your,216.43,216.58
hamstrings,hamstrings,216.59,217.32
if,if,217.32,217.43
you're,you're,217.439999,217.589999
not,not,217.6,217.9
feeling,feeling,217.9,218.15
a,a,218.15,218.20000000000002
stretch,stretch,218.2,218.51999999999998
in,in,218.52,218.60000000000002
the,the,218.6,218.71
back,back,218.71,219.01000000000002
of,,,
your,your,219.15,219.3
leg,leg,219.3,219.67000000000002
then,then,219.9,220.05
I,i,220.05,220.08
want,want,220.08,220.26000000000002
to,to,220.26,220.32
make,make,220.32,220.45999999999998
sure,sure,220.46,220.87
you,you,222.1,222.16
are,are,222.16,222.17
driving,driving,222.17,222.66
those,those,222.66,222.94
hips,hips,222.95,223.29999999999998
back,back,223.3,223.96
just,just,225.17,225.47
a,a,225.469999,225.539999
little,little,225.54,226.0
bend,bend,226.0,226.35
in,in,226.349999,226.439999
those,those,226.44,226.71
knees,knees,226.73,227.20999999999998
and,and,228.46,228.83
hips,hips,228.86,229.19000000000003
go,go,229.19,229.35
back,back,229.349999,229.949999
again,again,230.639999,230.889999
another,another,230.889999,231.189999
combo,combo,231.19,231.74
movement,movement,231.74,232.28
this,this,233.119999,233.339999
one,one,233.34,233.44
we,,,
are,,,
getting,,,
hamstrings,hamstrings,233.709999,234.379999
glutes,<unk>,234.42000000000002,234.8
lower,lower,234.85,235.14
back,back,235.14,235.54
and,and,235.99,236.45000000000002
your,your,236.5,236.85
traps,traps,236.85,237.54999999999998
good,good,238.05,238.52
and,and,239.26,239.62
notice,notice,239.73,240.04999999999998
how,how,240.05,240.18
both,both,240.18,240.4
of,of,240.4,240.46
us,us,240.46,240.61
are,are,240.61,240.68
keeping,keeping,240.68,240.9
our,our,240.9,241.04
backs,backs,241.32,241.79
nice,nice,241.79,242.12
and,and,242.12,242.29
straight,straight,242.29,242.65
on,on,242.67,242.85999999999999
this,this,242.86,243.08
movement,movement,243.08,243.46
so,so,243.46,243.61
we're,we're,243.61,243.75
not,not,243.75,244.02
breaking,breaking,244.719999,245.32999900000002
that,that,245.33,245.58
straight,straight,245.58,246.08
line,line,246.08,246.51000000000002
and,and,246.509999,246.629999
hunching,<unk>,246.9,247.43
over,over,247.429999,247.769999
but,but,247.849999,247.879999
keeping,keeping,247.96,248.17000000000002
our,our,248.17,248.26
back,back,248.259999,248.70999899999998
straight,straight,248.71,249.21
while,while,249.69,249.95
we're,we're,249.95,250.07999999999998
kicking,kicking,250.07999999999998,250.36999999999998
those,those,250.369999,250.589999
hips,hips,250.59,250.86
back,back,250.859999,251.319999
you,you,251.4,251.6
got,got,251.6,251.84
it,it,251.84,251.96
almost,almost,252.48,252.88
done,done,252.879999,253.039999
with,with,253.039999,253.189999
this,this,253.189999,253.409999
one,one,253.41,253.62
five,five,254.08,254.81
four,four,255.23,255.89999999999998
three,three,256.29,256.74
two,two,257.36,257.87
and,and,258.27,258.59999999999997
last,last,258.6,259.04
one,one,259.04,259.56
zero,zero,259.97,260.41
nice,nice,260.429999,260.739999
okay,okay,260.76,261.17
so,so,261.45,261.78
we're,we're,261.9,262.01
going,going,262.01,262.07
to,to,262.07,262.13
move,move,262.13,262.31
on,on,262.309999,262.479999
to,to,262.48,262.58000000000004
some,some,262.58,262.72999999999996
shoulder,shoulder,262.73,263.06
presses,presses,263.059999,263.52999900000003
next,next,263.53,263.94
I'm,i'm,264.11,264.21000000000004
gonna,,,
grab,,,
my,my,264.52,264.62
box,box,264.62,264.91
over,over,264.99,265.05
here,here,265.05,265.35
Claudia's,,,
going,,,
to,,,
grab,grab,266.15,266.34
her,her,266.34,266.42999999999995
box,box,266.429999,266.71999900000003
and,and,266.719999,266.80999899999995
I'm,i'm,266.809999,266.869999
going,,,
to,,,
do,do,267.0,267.14
this,this,267.139999,267.269999
one,one,267.27,267.38
from,from,267.38,267.51
a,a,267.509999,267.559999
standing,standing,267.559999,267.979999
position,position,267.98,268.54
so,so,268.539999,268.76999900000004
from,from,268.77,268.93
the,the,268.93,269.02
box,box,269.02,269.33
it's,it's,269.33,269.41999999999996
a,a,269.42,269.48
little,little,269.48,269.69
easier,easier,269.709999,270.339999
standing,standing,270.779999,271.469999
a,a,271.67,271.75
little,little,271.75,272.01
harder,harder,272.01,272.46999999999997
standing,standing,272.59,273.09
it,it,273.09,273.15
forces,forces,273.15,273.52
me,me,273.52,273.66999999999996
to,to,273.67,273.87
use,use,274.06,274.28000000000003
a,a,274.28,274.33
little,little,274.33,274.55
bit,bit,274.55,274.65000000000003
more,more,274.65,274.85999999999996
stability,stability,274.86,275.47
and,and,275.47,275.56
a,a,275.56,275.58
little,little,275.58,275.84999999999997
bit,bit,275.85,276.05
more,more,276.06,276.43
core,core,276.48,277.06
but,but,277.36,277.67
overall,overall,277.84,278.41999999999996
very,very,278.44,278.78
comparable,comparable,278.78,279.34
movements,movements,279.34,279.78
you,you,279.78,279.89
decide,decide,279.889999,280.339999
which,which,280.34,280.54999999999995
one,one,280.55,280.74
is,is,280.74,280.93
right,right,280.929999,281.289999
for,for,281.3,281.51
you,you,281.509999,281.65999899999997
if,if,281.66,281.77000000000004
you,you,281.77,281.83
don't,don't,281.83,281.97999999999996
feel,feel,281.98,282.13
comfortable,comfortable,282.13,282.7
the,the,282.99,283.14
overhead,overhead,283.139999,283.649999
quite,quite,283.65,283.88
yet,yet,283.88,284.21
grab,grab,284.559999,284.899999
a,a,284.9,284.96999999999997
seat,seat,284.969999,285.329999
full,full,286.279999,286.709999
range,range,286.709999,286.949999
of,of,286.949999,287.029999
motion,motion,287.029999,287.40999899999997
on,on,287.41,287.59000000000003
this,this,287.59,287.84999999999997
one,one,287.85,288.3
all,all,288.59,288.88
the,the,288.88,288.95
way,way,288.95,289.12
up,up,289.12,289.3
all,all,289.33,289.51
the,the,289.51,289.58
way,way,289.58,289.7
down,down,289.7,290.18
stay,stay,290.2,290.55
nice,nice,290.55,290.92
and,and,290.92,291.09000000000003
under,under,291.14,291.52
control,control,291.53,292.35999999999996
you,you,292.8,292.88
don't,,,
want,want,292.88,293.06
to,to,293.06,293.14
fling,fling,293.14,293.88
or,or,293.88,293.98
swing,swing,293.98,294.28000000000003
the,the,294.28,294.39
dumbbells,dumbbells,294.39,294.95
around,around,294.95,295.47999999999996
keep,keep,296.25,296.42
your,your,296.42,296.52000000000004
core,core,296.52,296.91999999999996
tight,tight,296.92,297.38
this,this,297.92,297.95
is,is,297.95,297.96999999999997
a,a,298.139999,298.449999
strength,strength,298.74,299.22
training,training,299.23,299.81
routine,routine,299.82,300.31
so,so,300.309999,300.439999
we,we,300.44,300.54
don't,don't,300.54,300.74
want,want,300.74,300.88
to,to,300.88,301.14
I,i,301.49,301.58
know,know,301.58,301.7
you,you,301.7,301.84
said,said,301.84,302.01
work,work,302.009999,302.199999
at,at,302.2,302.31
your,your,302.309999,302.429999
own,own,302.429999,302.58999900000003
pace,pace,302.589999,302.999999
but,but,303.03,303.22999999999996
we,we,303.23,303.33000000000004
definitely,definitely,303.33,303.63
don't,don't,303.63,303.82
want,want,303.82,304.01
to,to,304.01,304.23
make,make,304.549999,304.829999
this,this,304.83,304.97999999999996
a,a,304.98,305.05
cardio,cardio,305.049999,305.539999
and,and,305.539999,305.71999900000003
just,just,305.71999900000003,306.01999900000004
start,start,306.029999,306.499999
pumping,pumping,306.5,306.84
out,out,306.84,307.10999999999996
correct,correct,307.27,307.91999999999996
exactly,exactly,308.01,308.58
reps,,,
if,if,309.26,309.38
you,you,309.38,309.46
are,are,309.46,309.46999999999997
using,using,309.47,309.71000000000004
a,a,309.71,309.79999999999995
weight,weight,309.8,310.04
that,that,310.04,310.13
you,you,310.13,310.27
can,can,310.27,310.37
just,just,310.37,310.46
do,do,310.5,310.67
100,<unk>,310.74,311.02
reps,reps,311.03,311.35999999999996
in,in,311.36,311.48
this,this,311.48,311.85
30,<unk>,311.95,312.22999999999996
second,second,312.24,312.51
time,time,312.51,312.78999999999996
period,period,312.79,313.07
then,then,313.07,313.15
you,you,313.15,313.47999999999996
need,,,
to,,,
up,up,313.51,313.75
the,the,313.75,313.88
weight,weight,313.88,314.28
nice,nice,315.09,315.54999999999995
okay,okay,315.599999,316.059999
not,not,316.15,316.38
much,much,316.38,316.63
time,time,316.63,316.94
left,left,316.94,317.16
on,on,317.16,317.29
this,this,317.29,317.51000000000005
one,one,317.509999,317.699999
and,and,319.69,319.98
five,five,319.98,320.63
four,four,320.98,321.74
three,three,322.01,322.5
two,two,322.889999,323.429999
and,and,323.48,323.96000000000004
one,one,323.959999,324.389999
nice,nice,324.46,325.02
all,all,325.38,325.5
right,right,325.5,325.63
shake,shake,325.64,325.94
those,those,325.94,326.06
arms,arms,326.3,326.74
move,move,326.77,326.91999999999996
this,this,326.92,327.1
out,out,327.1,327.22
of,of,327.22,327.25
the,the,327.26,327.34
way,way,327.34,327.64
and,and,328.16,328.31
we're,we're,328.31,328.42
going,going,328.42,328.5
to,to,328.5,328.54
move,move,328.54,328.73
into,into,328.73,329.05
a,a,329.05,329.14
dumbbell,dumbbell,329.18,329.6
curl,curl,329.6,330.02000000000004
so,so,330.03,330.09999999999997
we're,we're,330.1,330.18
gonna,gonna,330.18,330.32
hit,hit,330.32,330.5
those,those,330.5,330.76
biceps,biceps,330.77,331.45
next,next,331.45,332.03
working,working,332.179999,332.489999
on,on,332.49,332.6
the,the,332.599999,332.70999900000004
gun,gun,332.71,333.06
show,show,333.059999,333.46999900000003
Claudia's,<unk>,333.5,333.77
got,got,333.8,333.92
a,a,333.92,333.98
gun,gun,333.98,334.23
show,show,334.23,334.45000000000005
with,,,
her,her,334.46,334.57
tank,tank,334.63,334.9
top,top,334.91,335.13000000000005
on,on,335.13,335.29
tonight,tonight,335.29,335.62
look,look,335.62,335.65
at,at,335.74,335.76
those,those,335.759999,335.90999899999997
guns,guns,335.91,336.16
anyway,anyway,337.259999,337.589999
just,just,339.009999,339.049999
admiring,,,
my,,,
wife's,,,
guns,,,
okay,okay,339.75,340.05
so,so,340.049999,340.14999900000004
we're,we're,340.15,340.25
going,,,
to,,,
do,,,
a,a,340.549999,340.629999
curl,curl,340.629999,341.099999
both,both,342.309999,342.639999
palms,palms,342.98,343.42
come,come,343.43,343.64
up,up,343.64,343.83
we're,we're,343.85,344.0
going,,,
to,,,
curl,curl,344.14,344.43
those,those,344.43,344.65000000000003
pinkies,<unk>,344.69,345.09
in,in,345.12,345.31
on,on,345.31,345.41
the,the,345.41,345.49
way,way,345.49,345.65000000000003
up,up,345.65,345.81
and,,,
then,,,
all,all,346.16,346.48
the,the,346.48,346.54
way,way,346.54,346.75
back,back,346.75,347.06
down,down,347.09,347.48999999999995
again,again,348.41,348.8
this,this,348.8,348.95
one's,one's,348.95,349.12
under,under,349.16,349.5
control,control,349.5,350.03
so,so,350.03,350.13
that,that,350.13,350.25
means,means,350.25,350.43
we're,we're,350.429999,350.539999
not,not,350.54,350.8
swinging,swinging,350.809999,351.309999
up,up,351.309999,351.52999900000003
and,and,351.53,351.7
flinging,flinging,351.7,352.06
them,them,352.059999,352.129999
back,back,352.16,352.44
down,down,352.45,352.84
right,right,352.84,352.98999999999995
that,that,352.99,353.1
defeats,defeats,353.13,353.53
the,the,353.53,353.60999999999996
purpose,purpose,353.61,354.05
but,but,354.05,354.19
instead,instead,354.19,354.66
I,i,355.34,355.34999999999997
feel,feel,355.38,355.54
that,that,355.54,355.69
time,time,355.69,355.99
under,under,355.99,356.2
tension,tension,356.2,356.82
feel,feel,357.139999,357.339999
those,those,357.339999,357.47999899999996
muscles,muscles,357.49,357.89
contracting,contracting,358.03999999999996,358.88
all,all,359.629999,359.899999
the,the,359.91,360.01000000000005
way,way,360.01,360.21999999999997
up,up,360.21999900000003,360.50999900000005
and,and,360.690001,361.170001
all,all,361.18,361.48
the,the,361.48,361.55
way,way,361.55,361.74
down,down,361.74,362.08
you,you,362.09,362.21
got,got,362.21,362.44
it,it,362.44,362.56
good,good,362.56,362.71
Claudia's,<unk>,362.71,363.13
going,,,
to,,,
give,,,
you,,,
a,a,363.39,363.52
nice,nice,363.9,364.14
side,side,364.15,364.63
view,view,364.63,365.06
keep,keep,366.13,366.32
those,those,366.32,366.68
shoulders,shoulders,366.94,367.54
back,back,367.54,367.90000000000003
and,and,367.9,368.09999999999997
square,square,368.099999,368.809999
mm,mm,369.03,369.32
hmm,<unk>,369.38,369.62
you,you,370.74,370.92
got,got,370.92,371.22
it,it,371.219999,371.319999
we're,we're,371.32,371.45
breathing,breathing,371.45,372.15
just,just,372.95,373.24
10,<unk>,373.24,373.43
more,more,373.44,373.62
seconds,seconds,373.62,374.01
left,left,374.009999,374.279999
on,on,374.28,374.40999999999997
this,this,374.41,374.63000000000005
one,one,374.63,374.84
fight,fight,375.46,375.78999999999996
through,through,375.82,376.34999999999997
you,you,377.35,377.59000000000003
got,got,377.59,377.91999999999996
it,it,377.92,378.11
and,and,378.85,379.26000000000005
three,three,379.27,379.81
two,two,380.53,381.13
one,one,381.69,382.43
and,and,382.44,383.06
zero,zero,383.07,383.77
alright,,,
moving,moving,384.43,384.85
to,,,
the,the,384.85,384.99
lower,lower,384.99,385.28000000000003
body,body,385.28,385.67999999999995
Claudia,claudia,386.36,386.57
is,is,386.57,386.71
going,going,386.71,386.82
to,to,386.82,386.86
grab,grab,386.87,387.15
her,her,387.17,387.32
box,box,387.32,387.74
or,or,387.74,387.93
if,if,387.95,388.03
you,you,388.03,388.04999999999995
have,,,
a,,,
chair,chair,388.3,388.62
that,that,388.62,388.75
works,works,388.75,388.93
as,as,388.929999,389.059999
well,well,389.059999,389.259999
if,if,389.259999,389.329999
you,you,389.33,389.41999999999996
want,,,
to,,,
do,,,
the,the,389.59,389.66999999999996
modified,modified,389.67,390.09000000000003
version,version,390.09,390.39
I'm,i'm,390.66,390.75
also,also,390.75,390.98
going,going,390.98,391.07
to,to,391.07,391.15
lose,lose,391.16,391.37
a,a,391.37,391.42
dumbbell,dumbbell,391.42,391.77000000000004
here,here,391.77,392.03999999999996
yeah,yeah,392.32,392.56
exactly,exactly,392.929999,393.369999
she's,she's,393.37,393.56
only,only,393.559999,393.739999
gonna,gonna,393.74,393.93
use,use,393.94,394.15
one,one,394.15,394.34999999999997
weight,weight,394.35,394.56
good,good,394.559999,394.689999
point,point,394.690001,395.020001
so,so,395.23,395.37
she's,she's,395.369999,395.579999
going,going,395.58,395.71
to,to,395.709999,395.749999
do,do,395.75,395.92
a,a,395.92,396.11
goblet,goblet,396.42,396.99
squat,squat,396.99,397.32
you,you,397.63,397.65999999999997
notice,notice,397.68,398.04
how,how,398.04,398.14000000000004
she's,she's,398.14,398.33
holding,holding,398.33,398.76
the,the,398.77,398.9
weight,,,
up,up,399.25,399.49
with,with,399.5,399.53
two,two,399.54,399.8
hands,hands,399.8,400.21000000000004
and,and,400.23,400.36
I,i,400.36,400.52000000000004
got,got,400.93,400.97
a,,,
my,,,
thumbs,,,
out,out,401.08,401.44
I'm,i'm,401.71,401.84999999999997
gonna,,,
do,do,402.1,402.45000000000005
a,a,402.63,402.88
dumbbell,dumbbell,402.9,403.33
squat,squat,403.33,403.63
just,just,403.63,403.82
at,at,404.02,404.26
my,my,404.26,404.40999999999997
side,side,404.41,404.79
so,so,404.79,404.87
I'm,i'm,404.87,404.95
going,going,405.09,405.21
to,to,405.21,405.34
be,,,
able,,,
to,to,405.84,405.9
get,get,405.91,406.07000000000005
a,a,406.07,406.13
little,little,406.13,406.42
bit,bit,406.42,406.6
deeper,deeper,406.599999,407.08999900000003
than,than,407.55,407.90000000000003
doing,doing,407.91,408.25
the,the,408.25,408.37
chair,chair,408.38,408.81
or,or,408.809999,408.879999
box,box,408.88,409.21999999999997
squat,squat,409.219999,409.689999
but,but,410.16,410.35
either,either,410.36,410.58000000000004
way,way,410.58,410.76
we're,we're,410.759999,410.899999
both,both,410.91,411.23
bending,bending,411.46,411.96
at,at,411.969999,412.16999899999996
the,the,412.17,412.26
hips,hips,412.26,412.52
first,first,412.52,412.83
driving,driving,412.83,413.21999999999997
those,those,413.21999900000003,413.429999
hips,hips,413.43,413.67
back,back,413.67,414.09000000000003
and,and,414.609999,414.799999
then,then,414.8,414.93
coming,coming,414.93,415.25
down,down,415.25,415.71
until,until,416.54,417.05
our,our,417.06,417.22
hips,hips,417.22,417.62
are,are,418.6,418.8
parallel,parallel,418.8,419.26
to,to,419.26,419.44
the,the,419.44,419.56
ground,ground,419.56,420.02
all,all,420.6,420.85
the,the,420.85,420.87
way,way,420.87,421.04
up,up,421.04,421.26000000000005
all,all,421.26,421.53999999999996
the,the,421.54,421.61
way,way,421.61,421.81
down,down,421.81,422.27
and,and,423.29,423.42
I'm,i'm,423.42,423.53000000000003
just,just,423.53,423.75
touching,touching,423.76,424.14
the,the,424.139999,424.239999
chair,chair,424.24,424.76
and,and,425.62,425.78000000000003
coming,coming,425.78,426.03999999999996
right,right,426.04,426.23
back,back,426.23,426.47
up,up,426.469999,426.74999899999995
I'm,i'm,426.759999,426.819999
not,not,426.83,427.13
sitting,sitting,427.139999,427.769999
not,not,427.78,428.09
resting,resting,428.09,428.91999999999996
exactly,exactly,430.369999,430.949999
or,or,431.49,431.69
bouncing,bouncing,431.690001,432.260001
that's,that's,432.26,432.4
the,the,432.4,432.46999999999997
other,other,432.47,432.70000000000005
thing,thing,432.7,432.93
right,right,432.939999,433.179999
correct,correct,433.23,433.48
I'll,i'll,433.48,433.5
give,give,433.5,433.57
you,you,433.57,433.59
guys,guys,435.23,435.42
a,a,435.46,435.46999999999997
side,,,
view,,,
here,here,436.16,436.49
squatting,squatting,438.99,439.24
make,make,439.41,439.55
sure,sure,439.55,439.74
you,you,439.74,439.76
keep,keep,439.76,439.92
those,those,439.92,440.12
knees,knees,440.12,440.38
out,out,440.38,440.73
don't,don't,440.73,440.91
allow,allow,440.91,441.18
them,them,441.22,441.32000000000005
to,to,441.66,441.78000000000003
break,break,441.78,442.28
or,or,442.28,442.36999999999995
compress,compress,442.4,442.92999999999995
in,in,442.929999,443.27999900000003
nice,nice,444.11,444.44
work,work,444.44,444.76
not,not,444.759999,444.929999
much,much,444.929999,445.159999
left,left,445.16,445.41
on,on,445.41,445.51000000000005
this,this,445.509999,445.709999
one,one,445.71,445.84999999999997
I,i,445.849999,445.929999
know,know,445.929999,446.079999
your,your,446.08,446.21999999999997
legs,legs,446.219999,446.469999
are,are,446.469999,446.519999
probably,probably,446.52,446.83
starting,starting,446.83,447.07
to,to,447.07,447.14
feel,feel,447.139999,447.47999899999996
it,it,447.48,447.61
I,i,447.65,447.77
didn't,didn't,447.77,447.93
forget,forget,447.929999,448.229999
about,about,448.23,448.55
you,you,448.549999,448.749999
we,we,449.02,449.18
got,got,449.18,449.33
five,five,449.33,449.87
four,four,450.449999,451.119999
three,three,451.52999900000003,452.159999
two,two,452.619999,453.169999
and,and,453.96,454.10999999999996
one,one,454.29,454.8
done,done,454.8,455.17
okay,okay,455.17,455.6
we're,we're,456.18,456.29
going,going,456.29,456.35
to,to,456.35,456.39000000000004
move,move,456.39,456.57
on,on,456.57,456.71
to,to,456.71,456.89
a,a,456.89,456.99
dumbbell,dumbbell,457.02,457.53
tricep,<unk>,458.12,458.13
kickback,kickback,458.139999,458.899999
we're,we're,459.559999,459.649999
gonna,gonna,459.65,459.75
hit,hit,459.75,459.88
those,those,459.88,460.04
triceps,triceps,460.05,460.71000000000004
next,next,460.71,461.29999999999995
save,save,461.639999,461.97999899999996
movement,movement,461.98,462.54
really,really,462.78,463.05999999999995
just,just,463.059999,463.249999
to,to,463.28,463.35999999999996
mix,mix,464.11999999999995,464.28
up,up,464.45,464.59
your,your,464.589999,464.699999
weight,weight,464.7,464.99
find,find,465.0,465.27
what,what,465.27,465.4
weight,weight,465.4,465.63
works,works,465.63,465.84
for,for,465.839999,465.949999
you,you,465.95,466.11
on,on,466.109999,466.239999
this,this,466.24,466.45
one,one,466.449999,466.579999
so,,,
we're,we're,467.18,467.3
bent,bent,467.299999,467.64999900000004
over,over,467.65,468.03
our,our,468.029999,468.139999
elbows,elbows,468.14,468.61
are,are,468.61,468.73
up,up,468.73,469.05
we're,we're,469.34,469.47999999999996
only,only,469.52,469.91999999999996
going,,,
to,,,
bend,bend,470.2,470.61
at,at,471.06,471.3
those,those,471.3,471.54
elbows,elbows,471.56,472.31
not,not,472.71,472.96999999999997
moving,moving,472.98,473.34000000000003
the,the,473.34,473.45
whole,whole,473.45,473.77
arm,arm,473.77,474.21
keep,keep,474.75,474.92
your,your,474.92,475.04
core,core,475.04,475.42
tight,tight,475.42,475.89000000000004
and,and,476.55,476.61
at,at,476.62,476.77
the,the,476.77,476.83
top,top,476.83,477.2
you're,you're,477.2,477.3
squeezing,squeezing,477.3,477.90000000000003
that,that,477.9,478.09999999999997
back,back,478.099999,478.419999
of,,,
the,the,478.46,478.56
arm,arm,478.559999,478.869999
squeezing,squeezing,479.08,479.83
your,your,479.83,479.96
triceps,triceps,479.96,480.59999999999997
up,up,480.599999,480.76999900000004
at,at,480.77,480.84999999999997
the,the,480.849999,480.939999
top,top,480.94,481.38
nice,nice,482.11,482.44
work,work,482.44,483.09
notice,notice,484.209999,484.41999899999996
we're,we're,484.42,484.55
using,using,484.549999,484.889999
that,that,484.889999,485.09999899999997
elbow,elbow,485.109999,485.499999
as,as,485.5,485.62
a,a,485.619999,485.699999
lever,lever,485.699999,486.359999
so,so,487.07,487.31
we're,we're,487.309999,487.389999
not,not,487.389999,487.72999899999996
moving,moving,487.71,488.01
that,that,488.01,488.21999999999997
upper,upper,488.25,488.64
arm,arm,488.64,489.15
just,just,489.44,489.85
bend,bend,489.86,490.02000000000004
at,at,490.02,490.13
the,the,490.13,490.18
elbow,elbow,490.18,490.46
so,so,490.46,490.65999999999997
what,,,
I,,,
mean,,,
by,,,
that,,,
is,is,491.02,491.12
you're,you're,491.12,491.21
not,not,491.21,491.34999999999997
going,going,491.35,491.58000000000004
here,here,491.58,491.95
right,right,491.95,492.38
no,no,492.8,492.98
swinging,swinging,493.15,493.53999999999996
no,no,493.55,493.75
swinging,swinging,493.75,494.26
because,because,494.599999,494.749999
now,now,494.75,494.92
all,all,494.92,495.01
of,of,495.01,495.03
a,a,495.03,495.09999999999997
sudden,sudden,495.099999,495.379999
all,all,495.38,495.53
the,the,495.53,495.65
other,other,495.65,495.84
muscles,muscles,495.84,496.21
are,are,496.21,496.28
taking,taking,496.28,496.59
over,over,496.59,496.78999999999996
we,we,496.82,497.01
just,just,497.01,497.59999999999997
want,want,497.9,498.14
to,to,498.139999,498.199999
isolate,isolate,498.2,498.63
the,the,498.63,498.7
triceps,triceps,498.7,499.21
on,on,499.21,499.34
this,this,499.34,499.57
one,one,499.57,499.7
you,you,500.62,500.81
got,got,500.809999,501.079999
it,it,501.08,501.32
ten,ten,501.53,501.71999999999997
more,more,501.719999,501.899999
seconds,seconds,501.9,502.21999999999997
that's,that's,502.23,502.44
it,it,502.440001,502.670001
guys,guys,503.51,503.74
are,are,503.74,503.8
doing,doing,503.799999,504.079999
great,great,504.09,504.69
thank,thank,504.74,504.96000000000004
you,you,504.93,505.06
so,so,505.06,505.26
much,much,505.26,505.48
for,for,505.49,505.61
joining,joining,505.61,506.03000000000003
us,us,506.03,506.15
today,today,506.15,506.53
and,and,506.78,507.15
for,for,507.16,507.52000000000004
all,all,507.53,507.89
of,of,507.89,508.02
your,your,508.02,508.31
hard,hard,508.32,508.73
work,work,508.73,509.21000000000004
and,and,509.93,510.12
three,three,510.14,510.66999999999996
two,two,511.49,512.0
one,one,512.57,513.11
and,and,513.16,513.55
done,done,513.55,513.89
okay,okay,513.889999,514.249999
we're,we're,515.139999,515.269999
going,going,515.27,515.54
to,,,
the,the,515.63,515.72
ground,ground,515.719999,516.209999
losing,losing,516.44,516.7600000000001
my,my,516.759999,516.869999
weights,weights,516.87,517.19
Claudia's,,,
going,going,517.849999,517.9299990000001
to,to,517.929999,517.9699989999999
lose,lose,517.969999,518.1799990000001
her,her,518.179999,518.259999
weights,weights,518.259999,518.529999
I'm,i'm,518.53,518.61
going,,,
to,,,
keep,keep,518.759999,518.939999
mine,mine,518.95,519.23
though,though,519.23,519.48
we're,we're,519.95,520.11
going,,,
to,,,
do,do,520.299999,520.4699989999999
a,a,520.469999,520.589999
dumbbell,dumbbell,520.609999,521.229999
reach,reach,521.24,521.59
crunch,crunch,521.59,522.09
so,so,522.59,523.0
from,from,523.56,523.8499999999999
a,a,523.85,523.95
crunch,crunch,523.96,524.32
position,position,524.32,524.8000000000001
we're,we're,524.8,524.89
going,going,524.89,524.9499999999999
to,to,524.95,524.97
our,our,525.05,525.0899999999999
feet,feet,525.09,525.32
on,on,525.32,525.4300000000001
the,the,525.43,525.5
ground,ground,525.5,525.92
we're,we're,526.26,526.36
going,,,
to,,,
reach,,,
up,up,526.92,527.0799999999999
to,to,527.08,527.1800000000001
the,the,527.18,527.31
ceiling,ceiling,527.31,527.8599999999999
we're,we're,528.4,528.4599999999999
bringing,bringing,528.46,528.58
our,our,528.58,528.71
shoulder,shoulder,528.71,529.08
blades,blades,529.08,529.34
off,off,529.34,529.52
the,the,529.52,529.63
ground,ground,529.63,530.07
and,and,530.46,530.8100000000001
come,come,530.809999,531.019999
back,back,531.03,531.3299999999999
down,down,531.33,531.7
so,so,531.7,531.7700000000001
we,we,531.94,531.9600000000002
are,are,531.9600000000002,531.9800000000001
contracting,contracting,532.5500000000001,533.08
the,the,533.08,533.1000000000001
ABS,abs,533.27,533.73
up,up,533.759999,533.929999
at,at,533.929999,534.029999
the,the,534.03,534.12
top,top,534.13,534.52
reaching,reaching,534.52,534.96
up,up,534.96,535.12
big,big,535.12,535.29
and,and,535.29,535.41
high,high,535.41,535.7099999999999
you,you,535.719999,535.779999
see,see,535.78,535.9599999999999
I'm,i'm,535.96,536.1
using,using,536.099999,536.379999
my,my,536.38,536.51
weights,weights,536.509999,536.949999
making,making,537.27,537.48
it,it,537.48,537.51
more,more,537.559999,537.7299989999999
difficult,difficult,537.759999,538.419999
Claudia,claudia,538.459999,538.9299990000001
she's,she's,538.949999,539.1699990000001
just,just,539.17,539.3299999999999
using,using,539.33,539.59
her,her,539.59,539.6800000000001
body,body,539.68,540.04
weight,weight,540.05,540.3499999999999
you,you,541.89,542.0
could,could,542.0,542.15
also,also,542.15,542.5699999999999
just,just,542.57,542.7900000000001
use,use,542.79,543.0
one,one,543.0,543.29
weight,weight,543.29,543.51
if,if,543.51,543.63
you,you,543.63,543.74
wanted,wanted,543.74,544.08
to,to,544.08,544.1
that's,,,
right,right,544.36,544.6800000000001
so,so,545.05,545.1999999999999
again,again,545.2,545.5300000000001
it's,it's,545.54,545.63
all,all,545.63,545.87
about,about,545.87,546.34
making,making,546.83,547.2
this,this,547.2,547.46
your,your,547.46,547.6800000000001
own,own,547.68,548.0999999999999
coming,coming,548.59,548.9300000000001
back,back,548.929999,549.419999
repeating,repeating,549.7099989999999,550.239999
it,it,550.239999,550.259999
getting,getting,550.429999,550.669999
a,a,550.67,550.7299999999999
little,little,550.74,551.16
bit,bit,551.16,551.38
better,better,551.38,551.78
every,every,552.15,552.6899999999999
single,single,552.69,553.1700000000001
time,time,553.17,553.64
and,and,554.34,554.5300000000001
that's,that's,554.53,554.74
how,how,554.74,554.9
we,we,554.9,555.14
improve,improve,555.139999,555.719999
that,that,555.759999,555.949999
consistency,consistency,555.95,557.1
nice,nice,558.44,558.7600000000001
work,work,558.76,559.05
reaching,reaching,559.05,559.3599999999999
up,up,559.36,559.67
don't,don't,560.17,560.42
bounce,bounce,560.42,560.76
off,off,560.76,560.9399999999999
the,the,560.94,561.0400000000001
ground,ground,561.04,561.5899999999999
stay,stay,561.85,562.26
under,under,562.26,562.51
control,control,562.51,563.31
you,you,563.35,563.5600000000001
got,got,563.56,563.8499999999999
it,it,563.85,564.03
nice,nice,564.71,565.0300000000001
work,work,565.03,565.35
nice,nice,565.35,565.63
work,work,565.63,566.18
we,we,567.59,567.73
got,got,567.73,567.83
10,,,
more,more,568.12,568.3100000000001
seconds,seconds,568.309999,568.7399989999999
on,on,568.74,568.89
this,this,568.889999,569.139999
one,one,569.139999,569.399999
feeling,feeling,570.11,570.48
those,those,570.559999,570.809999
ABS,abs,570.809999,571.139999
start,start,571.15,571.4399999999999
to,to,571.44,571.5400000000001
work,work,571.54,572.14
that's,,,
a,a,572.82,572.9000000000001
good,good,572.9,573.22
thing,thing,573.219999,573.6799990000001
that's,that's,574.82,575.1400000000001
the,the,575.15,575.38
feeling,feeling,575.719999,576.269999
of,of,576.27,576.4399999999999
improvement,improvement,576.440001,577.070001
right,right,577.07,577.32
there,there,577.32,577.69
and,and,578.57,578.9100000000001
three,three,578.92,579.4799999999999
two,two,580.05,580.54
one,one,581.16,581.7099999999999
and,and,582.0,582.53
zero,zero,582.82,583.32
okay,okay,583.33,583.75
we're,we're,584.309999,584.3299989999999
going,going,584.33,584.4000000000001
to,to,584.4,584.5
rest,rest,584.51,585.15
that's,that's,585.22,585.44
the,the,585.44,585.58
end,end,585.58,585.7900000000001
of,of,585.79,585.87
the,the,585.87,585.97
first,first,585.969999,586.4399990000001
round,round,586.44,586.7700000000001
we,we,586.78,586.91
got,got,586.91,587.1
one,one,587.099999,587.359999
more,more,587.36,587.59
to,to,587.59,587.72
go,go,587.719999,588.139999
all,all,589.29,589.4
right,right,589.4,589.56
so,so,589.559999,589.689999
it's,it's,589.69,589.8000000000001
a,a,589.799999,589.889999
quick,quick,589.889999,590.269999
20,<unk>,590.29,590.75
second,second,590.759999,591.139999
break,break,591.139999,591.439999
that,that,591.44,591.5500000000001
doesn't,doesn't,591.549999,591.769999
give,give,591.78,591.9499999999999
you,you,591.95,592.0500000000001
much,much,592.049999,592.3599989999999
time,time,592.359999,592.969999
if,if,593.18,593.4899999999999
you,you,593.5,593.66
want,want,593.66,594.0799999999999
feel,feel,594.1,594.28
free,free,594.279999,594.439999
to,to,594.440001,594.5200010000001
grab,grab,594.52,594.8199999999999
some,some,594.82,595.0200000000001
water,water,595.02,595.5699999999999
shake,shake,595.84,596.1700000000001
it,it,596.17,596.29
loose,loose,596.29,596.75
take,take,596.76,596.93
a,a,596.93,596.9899999999999
couple,couple,596.99,597.27
deep,deep,597.27,597.56
breaths,breaths,597.57,598.2
we're,we're,598.46,598.57
going,,,
to,,,
get,,,
right,right,598.88,599.28
back,back,599.3,599.7199999999999
into,into,599.75,600.31
it,it,600.31,600.54
all,all,601.57,601.69
right,right,601.69,601.83
so,so,601.83,601.9200000000001
we,we,601.92,601.99
got,got,601.99,602.12
ten,ten,602.15,602.4599999999999
seconds,seconds,602.46,603.13
I'm,i'm,603.19,603.2800000000001
going,,,
to,,,
grab,grab,603.429999,603.6999989999999
my,my,603.7,603.84
dumbbells,dumbbells,603.84,604.4
we're,we're,604.4,604.49
getting,getting,604.49,604.78
ready,ready,604.78,605.22
we're,we're,605.4,605.54
starting,starting,605.54,605.92
with,with,605.92,606.0799999999999
the,the,606.08,606.19
row,row,606.19,606.85
we're,we're,607.41,607.53
gonna,gonna,607.53,607.74
I'm,i'm,607.87,608.04
doing,doing,608.04,608.27
my,my,608.27,608.43
crusher,<unk>,608.429999,608.649999
row,row,608.94,609.23
Claudia's,<unk>,609.259999,609.3199989999999
doing,doing,609.73,609.89
her,her,609.889999,610.039999
T,t,610.059999,610.439999
row,row,610.440001,610.980001
and,and,611.549999,612.269999
here,here,612.35,612.6800000000001
we,we,612.68,612.8199999999999
go,go,612.82,613.0300000000001
we're,we're,613.03,613.16
pulling,pulling,613.16,613.4599999999999
back,back,613.47,613.72
at,at,613.72,613.83
those,those,613.83,614.0500000000001
elbows,elbows,614.08,614.5400000000001
keeping,keeping,614.54,614.79
our,our,614.79,614.92
core,core,614.92,615.27
nice,nice,615.27,615.61
and,and,615.61,615.78
tight,tight,615.79,616.1899999999999
and,and,616.66,616.79
if,if,616.79,616.91
you're,you're,616.91,617.02
wondering,wondering,617.02,617.4
why,why,617.4,617.55
we,we,617.61,617.72
didn't,didn't,617.72,617.9200000000001
take,take,617.93,618.0899999999999
a,a,618.09,618.14
longer,longer,618.14,618.6
break,break,618.6,619.0600000000001
even,even,619.06,619.4499999999999
though,though,619.49,619.77
we're,we're,619.77,619.91
beginners,beginners,619.91,620.5
that's,that's,620.73,620.91
because,because,620.91,621.25
the,the,621.389999,621.509999
workout,workout,621.51,621.88
specifically,specifically,621.88,622.81
designed,designed,622.809999,623.499999
to,to,623.5,623.66
allow,allow,623.66,623.93
some,some,623.94,624.24
muscles,muscles,624.24,624.63
to,to,624.63,624.72
rest,rest,624.719999,625.109999
while,while,625.12,625.33
others,others,625.37,625.73
are,are,625.73,625.8000000000001
working,working,625.799999,626.179999
so,so,626.179999,626.309999
right,right,626.309999,626.5999989999999
now,now,626.599999,626.859999
our,our,626.86,626.99
backs,backs,626.99,627.45
working,working,627.45,627.88
but,but,628.119999,628.289999
at,at,628.289999,628.409999
the,the,628.41,628.51
same,same,628.51,628.81
time,time,628.809999,629.129999
our,our,629.129999,629.269999
chest,chest,629.27,629.66
may,may,629.66,629.86
be,be,629.859999,630.1799990000001
resting,resting,630.48,631.11
allows,allows,631.199999,631.6499990000001
us,,,
to,,,
get,,,
a,a,632.01,632.02
lot,lot,632.02,632.42
done,done,632.42,632.81
in,in,632.96,633.14
a,a,633.14,633.22
short,short,633.22,633.76
period,period,633.94,634.32
of,of,634.32,634.4100000000001
time,time,634.41,634.9599999999999
again,again,635.44,635.73
pulling,pulling,635.74,635.99
back,back,635.99,636.21
on,on,636.21,636.33
those,those,636.33,636.61
elbows,elbows,636.64,637.59
anytime,anytime,637.87,638.24
you're,you're,638.24,638.34
doing,doing,638.34,638.5600000000001
a,a,638.559999,638.639999
row,row,638.639999,638.979999
you,you,638.98,639.07
want,,,
it,,,
to,to,639.27,639.31
be,be,639.32,639.5100000000001
like,like,639.51,639.64
you,you,639.639999,639.709999
have,have,639.71,639.83
a,a,639.83,639.94
string,string,640.16,640.74
attached,attached,640.74,641.38
to,to,641.759999,641.899999
your,your,641.9,642.0699999999999
elbows,elbows,642.07,642.6600000000001
and,and,642.67,642.6999999999999
you're,you're,642.719999,642.869999
just,just,642.87,643.03
pulling,pulling,643.049999,643.409999
back,back,643.41,643.74
on,on,643.74,643.9300000000001
it,it,643.929999,644.0899989999999
just,just,644.42,644.53
be,be,644.589999,644.6699990000001
sure,sure,644.67,644.81
to,to,644.809999,644.899999
keep,keep,644.9,645.1
that,that,645.099999,645.279999
core,core,645.28,645.51
tight,tight,645.509999,645.759999
also,also,645.759999,646.219999
exactly,exactly,646.27,646.87
you,you,646.869999,646.929999
don't,don't,646.93,647.05
want,want,647.049999,647.179999
your,your,647.18,647.29
back,back,647.299999,647.7299989999999
getting,getting,648.3,648.63
loose,loose,648.63,649.14
or,or,649.14,649.3
allowing,allowing,649.67,649.99
your,your,649.99,650.13
abs,abs,650.13,650.48
to,to,650.48,650.74
relax,relax,650.99,651.87
almost,almost,652.94,653.33
there,there,653.33,653.51
on,on,653.51,653.61
this,this,653.61,653.85
one,one,653.85,654.08
let's,let's,654.08,654.22
go,go,654.22,654.39
five,five,654.41,655.04
four,four,655.44,656.08
three,three,656.47,656.95
two,two,657.46,657.99
and,and,658.32,658.8100000000001
one,one,658.82,659.37
all,all,659.42,659.5699999999999
right,right,659.57,659.74
going,going,659.92,660.14
to,,,
the,the,660.259999,660.329999
ground,ground,660.33,660.8000000000001
you,you,661.849999,661.989999
need,need,661.99,662.2
both,both,662.21,662.5600000000001
weights,weights,662.719999,663.069999
for,for,663.07,663.19
this,this,663.19,663.37
next,next,663.37,663.65
one,one,663.65,663.84
doing,doing,664.139999,664.359999
that,that,664.359999,664.5499990000001
hip,hip,664.549999,664.8399989999999
up,up,664.84,665.2
plus,plus,665.26,665.59
chest,chest,665.59,665.94
press,press,665.94,666.5100000000001
so,so,668.07,668.22
we're,we're,668.22,668.3100000000001
driving,driving,668.3100000000001,668.5300000000001
off,off,668.79,668.99
the,the,669.0,669.12
heels,heels,669.12,669.89
and,and,670.44,670.7800000000001
squeezing,squeezing,670.78,671.2099999999999
our,our,671.21,671.33
glutes,<unk>,671.37,672.02
and,and,672.22,672.47
pressing,pressing,672.47,672.97
up,up,672.99,673.2
at,at,673.2,673.3000000000001
the,the,673.3,673.43
same,same,673.43,673.92
time,time,674.55,675.1099999999999
nice,nice,675.88,676.21
work,work,676.21,676.51
and,and,676.53,676.67
again,again,676.67,676.9599999999999
on,on,676.96,677.08
any,any,677.12,677.39
of,of,677.389999,677.469999
these,these,677.469999,677.699999
don't,don't,677.7,677.86
feel,feel,677.86,678.0
like,like,678.0,678.09
you,you,678.09,678.1600000000001
have,have,678.16,678.28
to,to,678.28,678.35
use,use,678.349999,678.599999
the,the,678.599999,678.6899990000001
same,same,678.69,679.0300000000001
weight,weight,679.03,679.27
for,for,679.27,679.42
all,all,679.42,679.61
of,of,679.61,679.69
them,them,679.69,679.9300000000001
feel,feel,680.349999,680.519999
free,free,680.52,680.72
to,to,680.73,680.78
adjust,adjust,680.78,681.3199999999999
the,the,681.32,681.44
weight,weight,681.44,681.7700000000001
as,as,681.809999,682.1999989999999
you,you,682.199999,682.379999
go,go,682.41,682.7099999999999
through,through,682.73,683.0600000000001
it,it,683.059999,683.1999989999999
start,start,685.04,685.37
with,with,685.37,685.48
your,your,685.48,685.61
best,best,685.62,685.93
guesss,<unk>,685.94,686.35
but,but,686.36,686.57
don't,don't,687.4,687.73
just,just,687.89,688.23
keep,keep,688.28,688.55
the,the,688.55,688.66
weight,weight,688.66,689.0699999999999
if,if,689.34,689.5
you're,,,
not,not,689.95,690.1400000000001
able,able,690.14,690.34
to,to,690.34,690.4300000000001
complete,complete,690.43,690.75
the,the,690.75,690.87
reps,reps,690.87,691.22
in,in,691.23,691.36
a,a,691.36,691.4300000000001
safe,safe,691.43,691.7199999999999
manner,manner,691.72,692.13
or,or,693.23,693.4
the,the,693.4,693.49
other,other,693.49,693.63
way,way,693.63,693.81
if,if,693.809999,693.919999
it's,it's,693.92,694.04
not,not,694.04,694.2099999999999
challenging,challenging,694.21,694.75
you,you,694.75,694.93
make,make,694.98,695.13
sure,sure,695.13,695.29
to,to,695.29,695.36
up,up,695.37,695.5600000000001
the,the,695.559999,695.669999
weight,,,
so,,,
you,you,696.04,696.2099999999999
can,can,696.21,696.4300000000001
get,get,697.429999,697.619999
that,that,697.62,697.84
full,full,697.84,698.39
benefit,benefit,698.4,698.9599999999999
nice,nice,700.389999,700.689999
work,work,700.690001,701.000001
driving,driving,701.0,701.37
off,off,701.369999,701.529999
the,the,701.529999,701.639999
heels,heels,701.639999,702.129999
pressing,pressing,702.19,702.5200000000001
straight,straight,702.52,702.87
up,up,702.87,703.18
keep,keep,703.58,703.7900000000001
it,it,703.79,703.89
up,up,703.89,704.03
guys,guys,704.03,704.3299999999999
almost,almost,704.33,704.62
there,there,704.62,704.93
and,and,705.79,706.53
five,five,706.56,707.1099999999999
four,four,707.56,708.0699999999999
three,three,708.67,709.36
two,two,709.89,710.46
one,one,710.91,711.49
zero,zero,711.79,712.49
we're,we're,712.57,712.74
up,up,712.76,712.99
on,on,713.059999,713.299999
our,our,713.3,713.42
feet,feet,713.42,713.8399999999999
and,and,714.57,714.6700000000001
try,try,714.67,714.8399999999999
to,to,714.84,714.87
keep,keep,714.87,714.94
the,the,714.969999,715.069999
pace,pace,715.07,715.35
up,up,715.349999,715.509999
a,a,715.509999,715.549999
little,little,715.549999,715.8599989999999
bit,bit,715.86,716.03
faster,faster,716.03,716.4
for,for,716.4,716.51
the,the,716.509999,716.639999
second,second,716.639999,717.049999
round,round,717.049999,717.389999
because,because,717.4,717.49
we,we,717.49,717.59
know,know,717.589999,717.769999
what,what,717.77,717.8
we're,we're,717.809999,717.939999
doing,doing,717.94,718.3000000000001
we're,we're,718.66,718.75
going,,,
to,,,
stiff,stiff,719.059999,719.409999
leg,leg,719.41,719.56
deadlift,<unk>,719.559999,720.249999
or,or,720.279999,720.439999
RDL,<unk>,720.440001,720.9100010000001
plus,plus,721.23,721.7
shrug,shrug,721.76,722.39
kick,kick,723.31,723.54
back,back,723.74,724.0
right,,,
below,,,
your,,,
knees,knees,724.56,725.27
pop,pop,725.62,725.84
em,em,725.89,725.98
and,and,725.99,726.0600000000001
shrug,shrug,726.06,726.4499999999999
taking,taking,727.6999999999999,727.8199999999999
the,the,727.8199999999999,727.8399999999999
weight,weight,728.01,728.3
back,back,728.309999,728.629999
on,on,728.63,728.74
our,our,728.74,728.87
hips,hips,728.87,729.3100000000001
feeling,feeling,729.309999,729.639999
that,that,729.639999,729.859999
stretch,stretch,729.86,730.4
and,and,731.52,731.89
up,up,731.91,732.13
and,and,732.16,732.51
shrug,shrug,732.77,733.5
nice,nice,734.13,734.48
work,work,734.48,734.8000000000001
this,this,734.799999,734.9699989999999
one,one,734.969999,735.119999
really,really,735.13,735.39
hits,hits,735.389999,735.5699989999999
that,that,735.57,735.7600000000001
whole,whole,735.77,736.11
posterior,<unk>,736.92,736.93
chain,chain,736.93,737.37
so,so,737.699999,738.009999
important,important,738.01,738.68
I,i,739.64,739.72
always,always,739.72,739.89
say,say,739.89,740.26
in,in,741.35,741.5
your,your,741.5,741.62
front,front,741.62,742.0600000000001
are,are,742.32,742.48
the,the,742.48,742.57
show,show,742.57,742.82
muscles,muscles,742.82,743.23
in,in,743.23,743.33
the,the,743.33,743.4300000000001
back,back,743.43,743.7399999999999
are,are,743.74,743.8
the,the,743.8,743.9
go,go,743.9,744.14
muscles,muscles,744.14,744.67
basically,basically,744.92,745.28
means,means,745.28,745.52
all,all,745.52,745.67
your,your,745.67,745.81
power,power,745.81,746.25
and,and,746.25,746.39
real,real,746.389999,746.659999
athleticism,athleticism,746.66,747.4599999999999
comes,comes,747.46,747.6800000000001
from,from,747.679999,747.869999
your,your,748.11,748.33
backside,backside,748.34,749.12
come,come,750.12,750.3
on,on,750.3,750.43
keep,keep,750.429999,750.639999
it,it,750.639999,750.729999
up,up,750.73,750.89
you,you,750.91,751.06
got,got,751.059999,751.3299989999999
it,it,751.33,751.39
nice,nice,752.63,752.93
work,work,752.929999,753.4499989999999
not,not,754.549999,754.809999
many,many,754.809999,755.059999
left,left,755.059999,755.509999
let's,let's,755.74,755.95
go,go,755.96,756.23
five,five,758.14,758.5
more,more,758.5,758.69
seconds,seconds,758.69,758.98
that's,that's,758.98,759.1800000000001
it,it,759.18,759.3499999999999
and,and,760.6,760.97
four,four,760.97,761.47
three,three,762.16,762.8199999999999
two,two,763.55,764.0999999999999
one,one,764.74,765.41
and,and,765.44,766.0500000000001
zero,zero,766.24,766.78
finishing,finishing,766.78,767.17
strong,strong,767.17,767.5799999999999
okay,okay,767.61,767.86
grab,grab,768.09,768.3100000000001
your,your,768.309999,768.389999
seat,seat,768.389999,768.689999
if,if,768.799999,768.8199989999999
you,you,768.82,768.8900000000001
got,got,768.889999,769.099999
one,one,769.099999,769.349999
so,so,769.65,769.85
if,if,769.849999,769.9399990000001
you're,you're,769.94,770.0100000000001
doing,doing,770.009999,770.239999
your,your,770.24,770.36
shoulder,shoulder,770.36,770.66
press,press,770.66,770.9699999999999
seated,seated,770.98,771.37
feel,feel,771.839999,771.989999
free,free,771.99,772.15
to,to,772.15,772.24
grab,grab,772.24,772.55
it,it,772.549999,772.649999
otherwise,otherwise,772.67,773.3299999999999
kicking,kicking,773.469999,773.7999990000001
them,them,773.799999,774.019999
up,up,774.02,774.5
getting,getting,774.8,775.3499999999999
right,right,775.73,776.21
into,into,776.24,776.6
it,it,776.6,776.73
bring,bring,776.87,777.09
those,those,777.09,777.45
dumbbells,dumbbells,777.83,778.33
down,down,778.33,778.5500000000001
to,to,778.55,778.67
about,about,778.67,779.0699999999999
in,in,779.26,779.46
line,line,779.46,779.74
with,with,779.74,779.89
your,your,779.89,780.0
ears,ears,780.04,780.3399999999999
maybe,maybe,780.34,780.58
just,just,780.58,780.98
a,a,780.98,781.09
little,little,781.1,781.32
bit,bit,781.32,781.5
lower,lower,781.5,781.89
really,really,782.12,782.33
depends,depends,782.33,782.6600000000001
on,on,782.66,782.8299999999999
your,your,782.83,782.97
flexibility,flexibility,782.97,783.75
and,and,783.75,783.87
what,what,783.87,784.02
feels,feels,784.02,784.28
comfortable,comfortable,784.28,784.8299999999999
don't,don't,785.44,785.69
take,take,785.88,786.11
it,it,786.11,786.2
to,to,786.2,786.33
a,a,786.33,786.38
place,place,786.38,786.73
it,it,786.73,786.9
feels,feels,787.57,787.87
awkward,awkward,787.889999,788.369999
with,with,788.4,788.54
your,your,788.54,788.63
shoulders,shoulders,788.63,789.26
nice,nice,790.01,790.31
work,work,790.309999,790.629999
core,core,790.68,790.9499999999999
stays,stays,790.949999,791.259999
tight,tight,791.26,791.59
doesn't,doesn't,791.629999,791.839999
matter,matter,791.84,792.0300000000001
either,either,792.08,792.34
one,one,792.34,792.62
whichever,whichever,792.63,792.92
one,one,792.92,793.04
you're,you're,793.04,793.13
doing,doing,793.13,793.48
still,still,793.95,794.2
stays,stays,794.2,794.5300000000001
tight,tight,794.53,794.99
nice,nice,795.88,796.16
work,work,796.16,796.55
this,this,796.6,796.71
is,is,796.71,796.76
about,about,796.76,797.0
that,that,797.0,797.18
point,point,797.18,797.4
in,in,797.42,797.4499999999999
the,the,797.46,797.5600000000001
workout,workout,797.56,798.0
where,where,798.0,798.08
you,you,798.08,798.1700000000001
start,start,798.17,798.41
to,to,798.41,798.56
really,really,798.79,799.0899999999999
feel,feel,799.09,799.45
it,it,799.45,799.5300000000001
it,it,799.53,799.62
starts,starts,799.62,799.93
to,to,799.93,800.06
kick,kick,800.07,800.38
in,in,800.38,800.72
and,and,801.0,801.1
it,it,801.099999,801.149999
becomes,becomes,801.15,801.5
all,all,801.52,802.0699999999999
mental,mental,802.17,802.78
right,right,802.78,803.02
now,now,803.02,803.29
not,not,803.62,803.98
even,even,803.98,804.19
physical,physical,804.19,804.9100000000001
it's,it's,805.29,805.4
all,all,805.41,805.78
up,up,805.78,805.9599999999999
in,in,806.02,806.25
your,your,806.25,806.39
head,head,806.389999,806.929999
it's,it's,807.219999,807.3099990000001
all,all,807.309999,807.409999
that,that,807.41,807.52
mental,mental,807.53,808.05
toughness,<unk>,808.049999,808.649999
and,and,808.65,808.6999999999999
grip,grip,808.709999,809.1599990000001
that's,that's,809.190001,809.3900010000001
going,going,809.389999,809.499999
to,to,809.5,809.56
keep,keep,809.559999,809.8399989999999
you,you,809.84,810.1700000000001
moving,moving,810.440001,810.9200010000001
and,,,
fighting,fighting,811.1,811.44
through,through,811.44,811.71
rep,rep,811.71,811.9300000000001
by,by,811.94,812.1300000000001
Rep,rep,812.13,812.4
let's,let's,812.44,812.6600000000001
go,go,812.66,812.86
come,come,812.88,813.05
on,on,813.5799999999999,813.5999999999999
and,and,814.05,814.51
five,five,814.51,815.0699999999999
four,four,815.63,816.1
three,three,816.66,817.15
two,two,817.64,818.16
one,one,818.63,819.14
zero,zero,819.26,819.8
ahh,ahh,819.86,820.26
all,all,820.28,820.4399999999999
right,right,820.44,820.6600000000001
feeling,feeling,820.66,820.89
good,good,821.05,821.4399999999999
moving,moving,822.2,822.5400000000001
on,on,822.54,822.6899999999999
to,to,822.69,822.85
a,a,822.849999,822.9299990000001
dumbbell,dumbbell,822.929999,823.399999
curl,curl,823.4,823.67
so,so,823.67,823.6899999999999
we're,we're,823.75,823.86
hitting,hitting,823.86,824.0
the,the,824.0,824.09
biceps,biceps,824.09,824.6800000000001
next,next,824.679999,825.019999
let's,let's,825.02,825.17
get,get,825.17,825.4
it,it,825.4,825.55
both,both,825.83,826.1600000000001
curling,curling,826.16,826.55
at,at,826.549999,826.679999
the,the,826.68,826.79
same,same,826.789999,827.229999
time,time,827.23,827.77
curling,curling,828.23,828.57
those,those,828.57,828.7800000000001
pinkies,,,
in,in,829.18,829.4499999999999
there,there,830.39,830.52
we,we,830.52,830.61
go,go,830.61,830.8000000000001
arms,arms,830.8,831.15
are,are,831.15,831.22
starting,starting,831.22,831.52
to,to,831.52,831.72
get,get,832.84,832.99
a,a,832.99,833.04
little,little,833.04,833.18
bit,bit,833.18,833.31
of,of,833.31,833.3299999999999
lactic,lactic,833.34,833.82
acid,acid,833.82,834.22
built,built,834.22,834.48
up,up,834.49,834.7
in,in,834.7,834.7800000000001
them,them,834.78,834.98
remember,remember,835.29,835.66
you,you,835.66,835.77
don't,don't,835.77,835.97
have,have,835.97,836.1700000000001
to,to,836.17,836.28
listen,listen,836.29,836.66
to,to,836.66,836.79
that,that,836.79,837.0999999999999
that's,,,
just,just,837.27,837.47
a,a,837.469999,837.5499990000001
pain,pain,837.55,837.99
signal,signal,837.99,838.47
but,but,838.91,838.9399999999999
the,the,838.94,838.97
muscles,muscles,838.969999,839.329999
got,got,839.33,839.49
plenty,plenty,839.49,839.87
left,left,839.87,840.12
you,you,840.139999,840.289999
got,got,840.29,840.49
this,this,840.49,840.67
come,come,840.67,840.8199999999999
on,on,840.82,840.87
driving,driving,842.259999,842.699999
through,through,842.7,842.99
curl,curl,843.929999,844.179999
those,those,844.18,844.37
pinkies,<unk>,844.379999,844.769999
in,in,844.82,845.19
shoulders,shoulders,845.279999,845.749999
are,are,845.75,845.8
back,back,845.799999,846.239999
nice,nice,847.54,847.86
work,work,847.86,848.33
one,one,849.07,849.44
right,right,849.44,849.75
into,into,849.75,850.3
the,the,850.3,850.43
next,next,850.43,850.9599999999999
using,using,853.05,853.26
good,good,853.27,853.5799999999999
form,form,853.58,854.1
not,not,854.099999,854.269999
swinging,swinging,854.28,854.78
the,the,854.78,854.8299999999999
weights,weights,854.84,855.34
not,not,855.34,855.49
getting,getting,855.49,855.64
a,a,855.639999,855.679999
bunch,bunch,855.679999,855.879999
of,of,855.88,855.96
momentum,momentum,855.96,856.4100000000001
involved,involved,856.41,857.04
almost,almost,858.34,858.76
there,there,858.759999,859.089999
let's,let's,859.6599990000001,859.699999
go,go,859.87,859.99
five,five,859.99,860.25
more,more,860.259999,860.449999
seconds,seconds,860.45,860.74
that's,that's,860.74,860.94
it,it,860.94,861.1400000000001
and,and,862.219999,862.8099990000001
four,four,862.809999,863.269999
three,three,863.83,864.2900000000001
two,two,864.9300000000001,865.4000000000001
one,one,865.9000000000001,866.4100000000001
zero,zero,866.6,867.1
all,all,867.22,867.2900000000001
right,right,867.2900000000001,867.6
all,,,
right,,,
we're,we're,868.16,868.28
moving,moving,868.28,868.68
on,on,868.68,869.0699999999999
to,to,869.08,869.44
either,,,
a,a,869.84,869.9200000000001
dumbbell,dumbbell,869.92,870.3399999999999
squat,squat,870.34,870.8000000000001
or,or,870.81,871.2099999999999
a,a,871.2099999999999,871.2199999999999
dumbbell,dumbbell,873.07,873.8000000000001
goblet,goblet,874.05,874.7099999999999
squat,squat,874.83,875.37
from,from,875.63,875.84
the,the,875.84,875.9300000000001
chair,chair,875.929999,876.399999
I'll,i'll,877.17,877.31
clean,clean,877.309999,877.529999
that,that,877.53,877.67
name,name,877.67,877.8399999999999
up,up,877.84,878.01
later,later,878.009999,878.249999
okay,okay,879.719999,880.0499990000001
so,so,880.1,880.27
we're,we're,880.449999,880.6399990000001
going,going,880.9,881.16
into,into,881.16,881.35
our,our,881.35,881.51
squats,squats,881.51,881.99
weights,weights,881.99,882.26
back,back,882.26,882.51
on,,,
our,our,882.6,882.72
hips,hips,882.72,883.26
making,making,885.04,885.31
sure,sure,885.31,885.4499999999999
to,to,885.45,885.5400000000001
break,break,885.54,885.98
at,at,886.01,886.24
the,the,886.24,886.34
hips,hips,886.34,886.61
every,every,886.64,886.9399999999999
time,time,886.94,887.2600000000001
because,because,887.26,887.36
if,if,887.36,887.45
you,you,887.45,887.5600000000001
don't,don't,887.56,887.9
what,what,887.9,887.93
happens,happens,887.97,888.5
is,is,888.5,888.65
you,you,888.65,888.73
bend,bend,888.73,888.91
at,at,888.91,888.9699999999999
the,the,888.97,889.0500000000001
knees,knees,889.05,889.3199999999999
first,first,889.33,889.58
and,and,889.58,889.61
you,you,889.62,889.87
end,end,889.87,890.0
up,up,890.0,890.17
here,here,890.17,890.53
and,and,890.53,890.67
then,then,890.67,890.75
you're,you're,890.75,890.86
like,like,890.86,891.01
oh,oh,891.01,891.1899999999999
man,man,891.19,891.45
my,my,891.45,891.5600000000001
knees,knees,891.559999,891.8399989999999
hurt,hurt,891.84,892.08
hips,hips,892.469999,892.769999
back,back,892.77,893.1899999999999
then,then,893.65,894.0699999999999
squat,squat,894.08,894.5200000000001
that's,that's,894.53,894.76
the,the,894.759999,894.869999
key,key,894.87,895.21
keep,keep,895.549999,895.7099989999999
those,those,895.71,895.96
feet,feet,895.969999,896.239999
flat,flat,896.24,896.66
drive,drive,896.67,897.0999999999999
off,off,897.099999,897.269999
the,the,897.27,897.38
heels,heels,897.38,898.04
nice,nice,898.65,899.01
work,work,899.01,899.54
you,you,899.690001,899.8800010000001
got,got,899.879999,900.189999
it,it,900.190001,900.470001
every,every,901.3,902.01
squat,squat,902.01,902.49
you,you,902.49,902.67
do,do,902.67,902.9699999999999
you're,,,
going,going,903.06,903.0999999999999
to,to,903.1,903.1700000000001
get,get,903.17,903.3299999999999
that,that,903.33,903.5600000000001
much,much,903.56,903.77
better,better,903.78,904.14
at,at,904.14,904.3
it,it,904.3,904.6099999999999
nobody,nobody,905.07,905.63
starts,starts,905.63,906.01
great,great,906.02,906.34
at,at,906.34,906.47
these,these,906.47,906.73
I,i,906.76,906.86
promise,promise,906.92,907.43
you,you,907.43,907.5899999999999
it's,it's,908.2,908.37
work,work,908.4,908.85
putting,putting,908.96,909.24
in,in,909.24,909.39
the,,,
work,work,909.429999,909.7399989999999
right,right,909.74,909.97
here,here,909.969999,910.389999
and,and,910.63,910.84
you,you,910.84,911.02
will,will,911.02,911.31
see,see,911.309999,911.539999
the,the,911.54,911.61
results,results,911.63,912.11
I,i,912.11,912.19
promise,promise,912.19,912.6400000000001
you,you,912.639999,912.789999
come,come,913.21,913.4300000000001
back,back,913.429999,913.7399989999999
repeat,repeat,913.75,914.18
it,it,914.179999,914.2399989999999
get,get,914.309999,914.529999
better,better,914.54,915.05
that's,that's,915.52,915.73
what,what,915.73,915.84
it's,it's,915.839999,915.959999
all,all,915.96,916.14
about,about,916.139999,916.5699989999999
thank,thank,916.619999,916.859999
you,you,916.859999,916.959999
so,so,916.959999,917.1499990000001
much,much,917.15,917.39
for,for,917.41,917.61
your,your,917.92,918.1899999999999
hard,hard,918.199999,918.479999
work,work,918.48,918.66
today,today,918.66,919.0899999999999
nice,nice,920.36,920.71
work,work,920.71,921.14
good,good,921.16,921.65
we,we,922.69,922.85
got,got,922.85,923.13
it,it,923.13,923.26
let's,let's,923.26,923.39
go,go,923.39,923.68
five,five,923.72,924.39
four,four,924.78,925.56
three,three,925.95,926.51
two,two,927.0,927.53
one,one,928.01,928.59
and,and,928.71,929.11
done,done,929.11,929.49
okay,okay,930.32,930.38
we're,we're,930.55,930.63
going,going,930.63,930.82
back,back,930.82,931.0
to,to,931.0,931.08
the,the,931.09,931.25
upper,upper,931.25,931.49
body,body,931.49,931.87
remember,remember,931.88,932.08
I,i,932.08,932.14
said,said,932.139999,932.339999
while,while,932.34,932.5300000000001
one,one,932.53,932.75
body,body,932.75,932.99
parts,parts,933.0,933.29
resting,resting,933.29,933.63
the,the,933.63,933.71
others,others,933.71,933.9200000000001
working,working,933.92,934.3
so,so,934.58,934.72
now,now,934.719999,934.949999
we're,we're,934.949999,935.0499990000001
going,going,935.049999,935.2099989999999
to,,,
the,the,935.289999,935.3499989999999
upper,upper,935.35,935.58
body,body,935.58,935.95
dumbbell,dumbbell,936.33,936.63
tricep,<unk>,936.63,937.17
kickbacks,kickbacks,937.19,937.8800000000001
elbows,elbows,938.27,938.73
are,are,938.73,938.85
up,up,938.85,939.09
only,only,939.39,939.74
bend,bend,939.74,939.92
at,at,939.92,940.02
those,those,940.02,940.26
elbows,elbows,940.28,940.85
extend,extend,942.01,942.72
and,and,943.44,943.7
squeeze,squeeze,943.7,944.24
that,that,944.429999,944.639999
back,back,944.639999,944.889999
of,,,
the,the,944.92,945.04
arm,arm,945.04,945.29
squeeze,squeeze,945.29,945.75
those,those,945.76,945.91
triceps,triceps,945.92,946.65
nice,nice,947.309999,947.6099989999999
work,work,947.61,947.83
guys,guys,947.84,948.08
come,come,948.09,948.26
on,,,
keep,keep,948.37,948.57
it,it,948.57,948.6600000000001
up,up,948.66,948.81
one,one,949.88,950.32
into,into,950.32,950.58
the,the,950.58,950.7
next,next,950.7,951.21
this,this,951.7,951.87
is,is,951.87,952.05
it,it,952.049999,952.269999
right,right,952.27,952.47
here,here,952.469999,952.6899990000001
we,we,952.690001,952.7700010000001
don't,don't,952.77,952.9399999999999
have,have,952.940001,953.120001
much,much,953.119999,953.359999
left,left,953.359999,953.669999
we,we,954.65,954.79
got,got,954.79,954.99
what,what,955.049999,955.249999
about,about,957.039999,957.079999
up,up,957.079999,957.199999
one,one,957.199999,957.229999
more,,,
exercise,,,
one,one,957.63,957.9
more,more,957.9,958.09
after,after,958.09,958.3100000000001
this,this,958.31,958.52
one,one,958.52,958.67
guys,guys,958.67,959.3
that's,that's,959.97,960.26
it,it,960.26,960.6899999999999
fighting,fighting,961.39,961.75
through,through,961.75,961.99
it's,it's,961.99,962.13
all,all,962.13,962.31
mental,mental,962.309999,962.769999
remember,remember,963.4,963.6899999999999
focus,focus,963.69,964.11
on,on,964.11,964.24
your,your,964.24,964.34
goals,goals,964.349999,964.699999
focus,focus,964.7,964.96
on,on,964.96,965.08
what,what,965.08,965.2700000000001
brought,brought,965.27,965.5699999999999
you,you,965.57,965.7
here,here,965.7,966.0400000000001
what,what,966.25,966.57
motivates,motivates,966.57,967.2600000000001
you,you,967.259999,967.529999
and,and,968.5,968.73
get,get,968.73,968.96
there,there,968.96,969.33
breathe,breathe,969.929999,970.4499989999999
let's,let's,970.49,970.72
go,go,970.719999,970.999999
and,and,972.0,972.27
five,five,972.27,972.8
four,four,973.3,973.8299999999999
three,three,974.32,974.9000000000001
two,two,975.31,975.78
one,one,976.16,976.53
and,and,976.53,976.74
done,done,976.74,977.03
okay,okay,977.03,977.25
we're,we're,977.25,977.35
going,going,977.35,977.45
to,to,977.45,977.51
finish,finish,977.51,977.84
up,up,977.85,977.96
with,with,977.96,978.08
some,some,978.08,978.24
ABS,abs,978.24,978.53
it,it,978.53,978.61
means,means,978.61,978.8000000000001
we're,we're,978.8,978.92
going,going,978.92,979.12
to,,,
the,the,979.21,979.2800000000001
ground,ground,979.28,979.6899999999999
I'm,i'm,979.97,980.11
gonna,gonna,980.11,980.29
keep,keep,980.29,980.56
one,one,980.559999,980.889999
Claudia's,<unk>,981.21,981.5
gonna,gonna,981.5,981.65
keep,keep,981.65,981.84
one,one,981.84,982.08
this,this,982.08,982.24
time,time,982.24,982.64
two,two,983.07,983.2900000000001
hands,hands,983.29,983.61
on,on,983.61,983.78
one,one,983.78,984.05
she'll,she'll,984.05,984.2099999999999
go,go,984.21,984.52
and,,,
we're,we're,985.23,985.4300000000001
going,going,985.429999,985.559999
to,to,985.559999,985.6099989999999
go,go,985.61,985.95
right,right,986.03,986.3
into,into,986.299999,986.499999
those,those,986.5,986.71
reach,reach,986.74,987.0
crunches,crunches,987.0,987.59
reaching,reaching,988.5,988.94
up,up,988.940001,989.090001
to,to,989.09,989.23
the,the,989.23,989.35
ceiling,ceiling,989.35,989.9
squeeze,squeeze,990.779999,991.379999
in,in,991.379999,991.459999
those,those,991.459999,991.739999
ABS,abs,991.899999,992.119999
up,up,992.69,992.9100000000001
at,at,992.91,992.99
the,the,992.99,993.12
top,top,993.15,993.66
you,you,994.29,994.51
got,got,994.51,994.8
it,it,994.8,995.0799999999999
breathe,breathe,995.44,995.9300000000001
remember,remember,996.72,997.07
this,this,997.07,997.2600000000001
is,is,997.26,997.47
it,it,997.47,997.69
right,right,997.69,997.9100000000001
here,here,997.91,998.24
what,what,998.69,998.8900000000001
are,are,998.889999,998.939999
you,you,998.94,999.08
saving,saving,999.08,999.48
it,it,999.48,999.6
for,for,999.599999,1000.0599990000001
don't,don't,1000.09,1000.35
save,save,1000.349999,1000.729999
anything,anything,1000.73,1001.26
put,put,1001.71,1001.86
it,it,1001.86,1002.0
all,all,1002.0,1002.38
out,out,1002.38,1002.63
there,there,1002.63,1002.85
right,right,1002.849999,1003.099999
now,now,1003.099999,1003.4199990000001
right,right,1003.48,1003.73
here,here,1003.73,1003.91
right,right,1003.91,1004.11
now,now,1004.11,1004.28
let's,let's,1004.28,1004.4599999999999
go,go,1004.46,1004.7
nice,nice,1006.65,1006.97
work,work,1006.969999,1007.489999
nice,nice,1007.549999,1007.8599989999999
work,work,1007.9199989999998,1008.2499989999999
not,not,1009.89,1010.09
much,much,1010.09,1010.36
left,left,1010.36,1010.72
more,more,1011.55,1011.76
than,than,1011.76,1011.86
halfway,halfway,1011.86,1012.32
done,done,1012.32,1012.57
with,with,1012.57,1012.69
this,this,1012.69,1012.9100000000001
one,one,1012.91,1013.12
already,already,1013.12,1013.64
here,here,1014.47,1014.64
we,we,1014.64,1014.76
go,go,1014.76,1015.16
rep,rep,1016.02,1016.28
by,by,1016.29,1016.5
Rep,rep,1016.5,1016.82
getting,getting,1016.86,1017.12
closer,closer,1017.12,1017.51
to,to,1017.51,1017.6
the,the,1017.599999,1017.769999
end,end,1017.77,1018.0699999999999
closer,closer,1018.49,1018.79
to,to,1018.79,1018.88
that,that,1018.88,1019.08
finish,finish,1019.08,1019.4000000000001
line,line,1019.4,1019.81
almost,almost,1021.62,1022.04
there,there,1022.04,1022.28
come,come,1022.28,1022.42
on,on,1022.42,1022.54
now,now,1022.54,1022.7099999999999
in,in,1022.71,1022.7800000000001
five,five,1022.86,1023.58
four,four,1023.91,1024.46
three,three,1025.1,1025.55
two,two,1026.299999,1026.7199990000001
one,one,1027.4,1027.77
zero,zero,1028.28,1029.11
nice,nice,1029.44,1030.0
work,work,1030.01,1030.42
we,we,1030.42,1030.5900000000001
are,are,1030.59,1030.72
done,done,1030.92,1031.28
