today's,today's,0.26,0.64
workout,workout,0.64,1.1600000000000001
is,is,1.17,1.3699999999999999
a,a,1.54,1.67
hundred,hundred,1.79,2.19
percent,percent,2.19,2.69
low,low,2.94,3.2399999999999998
impact,impact,3.24,3.8000000000000003
it's,it's,4.05,4.28
all,all,4.36,4.66
standing,standing,4.68,5.369999999999999
it's,it's,5.62,5.88
ideal,ideal,6.47,6.75
for,for,6.77,6.92
new,new,6.92,7.14
exercises,exercises,7.14,7.93
and,and,7.93,8.049999999999999
people,people,8.05,8.4
returning,returning,8.61,9.219999999999999
to,to,9.22,9.350000000000001
exercise,exercise,9.349999,10.019999
and,and,10.179999,10.619999
it,it,11.19,11.4
features,features,11.41,12.09
real,real,12.33,12.93
body,body,12.96,13.270000000000001
project,project,13.29,13.61
members,members,13.61,14.01
enjoy,enjoy,14.259999,14.679999
welcome,welcome,14.78,15.37
to,to,15.509999,15.869999
a,a,15.9,16.02
real,real,16.02,16.599999999999998
start,start,16.67,17.28
to,to,17.279999,17.389999
plus,plus,17.389999,17.839999
let's,let's,17.859999,18.059998999999998
get,get,18.059999,18.219999
the,the,18.219999,18.299999
knees,knees,18.3,18.650000000000002
up,up,18.66,18.86
into,into,18.86,19.09
the,the,19.1,19.19
hands,hands,19.19,19.53
guys,guys,19.54,19.79
get,get,19.79,19.93
the,the,19.94,20.03
core,core,20.03,20.39
nice,nice,20.39,20.73
and,and,20.73,20.92
tight,tight,20.92,21.330000000000002
now,now,21.39,21.41
you're,you're,,
feeling,feeling,22.0,22.35
you're,you're,22.35,22.46
ready,ready,22.46,22.69
for,for,22.69,22.790000000000003
this,this,22.79,22.97
weight,weight,22.97,23.299999999999997
you're,you're,23.75,23.95
ready,ready,23.95,24.23
angie,angie,24.23,24.76
this,this,25.32,25.59
is,is,25.93,26.33
the,the,26.48,26.650000000000002
big,big,26.679999000000002,26.909999000000003
one,one,26.91,27.080000000000002
the,the,27.08,27.189999999999998
real,real,27.2,27.65
star,star,27.67,28.05
class,class,28.23,28.44
workout,workout,28.439999999999998,28.95
today,today,28.95,29.279999999999998
and,and,29.309998999999998,29.469998999999998
we,we,29.469999,29.619999
have,have,29.630000000000003,29.900000000000002
wade,wade,29.9,30.36
and,and,30.389999,30.549999
angie,angie,30.57,31.07
mullins,mullins,,
with,with,31.509999,31.709999
us,us,31.71,31.95
and,and,34.64,34.82
they're,they're,34.82,34.95
here,here,34.95,35.22
to,to,35.58,35.699999999999996
show,show,35.699999,35.989999
you,you,35.989999999999995,36.559999999999995
how,how,36.84,37.150000000000006
it's,it's,37.15,37.37
done,done,37.37,37.58
i,i,37.67,37.75
can't,can't,37.75,37.99
tell,tell,37.99,38.14
you,you,38.14,38.26
how,how,38.26,38.41
excited,excited,,
we,we,38.95,39.09
are,are,39.09,39.220000000000006
to,to,39.22,39.29
have,have,39.3,39.48
these,these,39.48,39.699999999999996
guys,guys,39.7,40.0
all,all,40.0,40.08
the,the,40.1,40.2
way,way,40.2,40.480000000000004
over,over,40.55,40.629999999999995
from,from,40.63,40.870000000000005
vermont,vermont,40.88,41.410000000000004
usa,usa,42.019999999999996,42.67999999999999
keep,keep,42.68,42.9
that,that,42.9,43.05
core,core,43.09,43.43000000000001
tight,tight,43.46,43.730000000000004
let's,let's,43.76,43.94
get,get,43.94,44.099999999999994
the,the,44.099999,44.189999
hamstrings,hamstrings,44.2,44.86
warm,warm,44.87,45.16
now,now,45.16,45.5
little,little,45.769999999999996,46.06999999999999
dip,dip,46.35999999999999,46.38999999999999
and,and,47.07,47.34
breathe,breathe,47.34,47.730000000000004
the,the,48.730000000000004,48.89
real,real,48.9,49.17
star,star,,
plus,plus,49.5,49.83
plan,plan,49.83,50.16
takes,takes,50.21,50.57
us,us,50.79,51.05
further,further,51.08,51.64
than,than,51.769999999999996,51.91
the,the,51.91,52.04
real,real,52.039999,52.299999
start,start,52.309999000000005,52.68999900000001
planned,planned,52.690000999999995,53.17000099999999
got,got,53.34,53.6
please,please,53.619999,54.019999
as,as,54.019999999999996,54.17999999999999
always,always,54.18,54.67
you,you,54.67,54.79
can,can,54.79,54.98
pause,pause,55.23,55.779999999999994
whenever,whenever,56.06,56.45
you,you,56.45,56.620000000000005
want,want,56.62,56.91
to,to,56.99,57.25
you,you,57.53,57.68
can,can,57.68,57.83
take,take,57.86,58.07
a,a,58.07,58.160000000000004
break,break,58.17,58.54
whenever,whenever,58.54,58.85
you,you,58.85,59.0
need,need,59.0,59.25
to,to,59.29,59.55
we,we,59.74,59.97
have,have,59.97,60.24
got,got,60.269999999999996,60.48
some,some,60.519999999999996,60.629999999999995
tough,tough,60.63,60.660000000000004
stuff,stuff,60.97,61.28
coming,coming,61.3,61.559999999999995
today,today,61.71999999999999,61.9
it's,it's,61.949999999999996,62.06999999999999
okay,okay,62.76,63.129999999999995
we,we,63.46,63.62
do,do,63.62,63.76
it,it,63.76,63.86
our,our,63.87,64.06
way,way,64.059999,64.28999900000001
hands,hands,64.28999999999999,64.6
out,out,64.599999,64.779999
in,in,64.78,64.89
front,front,64.889999,65.25999900000001
core,core,65.259999,65.489999
tight,tight,65.689999,65.999999
and,and,66.319999,66.499999
we,we,66.499999,66.639999
open,open,66.639999,66.909999
up,up,66.909999,67.129999
breathe,breathe,67.759999,68.079999
breathe,breathe,68.969999,69.489999
angie,angie,70.379999,70.849999
and,and,70.879999,71.049999
weight,weight,71.049999,71.419999
of,of,71.42,71.63
both,both,71.639999,72.059999
lost,lost,72.26,72.82000000000001
<unk>,<unk>,73.14,73.63
pounds,pounds,73.63,74.25999999999999
using,using,74.51,74.91000000000001
body,body,74.91,75.17
project,project,75.2,75.57000000000001
workouts,workouts,75.57,76.33
and,and,77.16,77.3
they're,they're,,
here,here,,
to,to,77.73,77.82000000000001
show,show,77.82,78.17999999999999
us,us,78.18,78.31
how,how,79.09,79.29
it's,it's,79.29,79.49000000000001
done,done,79.49,79.83999999999999
real,real,79.92,80.16
people,people,80.16,80.67999999999999
real,real,81.139999,81.469999
workouts,workouts,81.469999,82.299999
real,real,82.63,83.24
results,results,83.7,84.67
breathe,breathe,85.219999,85.669999
today,today,,
we're,we're,86.16,86.27
just,just,86.27,86.45
gonna,gonna,86.45,86.60000000000001
enjoy,enjoy,86.62,87.07000000000001
ourselves,ourselves,87.07,87.94999999999999
and,and,88.58,88.69
we're,we're,88.690001,88.79000099999999
gonna,gonna,88.789999,88.97999899999999
dip,dip,89.679999,89.709999
and,and,89.709999,89.819999
reach,reach,89.819999,90.41999899999999
we're,we're,91.21,91.32
just,just,91.33,91.66
here,here,91.66,91.83
to,to,91.83,91.97
move,move,91.97,92.28999999999999
pause,pause,92.93,93.26
buttons,buttons,93.26,93.57000000000001
there,there,93.57,93.92999999999999
those,those,94.8,95.02
buttons,buttons,95.02,95.28
your,your,95.28,95.38
friend,friend,95.38,95.92
whenever,whenever,96.42,96.75
you,you,96.75,96.91
need,need,96.91,97.24
to,to,97.49,97.67
use,use,97.67,98.06
it,it,98.059999,98.219999
we've,we've,98.619999,98.769999
got,got,98.799999,98.959999
<unk>,<unk>,99.389999,99.589999
seconds,seconds,99.61,100.1
on,on,100.099999,100.41999899999999
and,and,101.03,101.21000000000001
<unk>,<unk>,101.21000000000001,101.80000000000001
seconds,seconds,101.83,102.33
off,off,102.469999,102.769999
with,with,103.429999,103.679999
active,active,103.84,104.44
marching,marching,104.44,105.17999999999999
recovery,recovery,105.559999,106.279999
that's,that's,106.959999,107.409999
a,a,107.41,107.5
challenge,challenge,107.5,108.26
but,but,108.73,108.82000000000001
you,you,108.84,109.04
guys,guys,109.04,109.32000000000001
have,have,,
got,got,,
to,to,109.53,109.6
pick,pick,109.6,109.86999999999999
your,your,109.87,110.08
place,place,110.08,110.5
in,in,110.5,110.65
there,there,110.65,110.75
doesn't,doesn't,112.17,112.45
mean,mean,112.45,112.69
you,you,112.69,112.78999999999999
have,have,112.79,113.01
to,to,113.01,113.10000000000001
do,do,113.1,113.25
the,the,113.25,113.37
whole,whole,113.37,113.61
thing,thing,113.66,113.96
i,i,114.09,114.22
just,just,114.27,114.61999999999999
want,want,114.62,114.87
you,you,114.87,114.94
to,to,114.94,115.08
finish,finish,115.08,115.71
with,with,115.99,116.28
us,us,116.28,116.64
enjoy,enjoy,116.7,117.24000000000001
moving,moving,117.24,117.57
your,your,117.57,117.67999999999999
body,body,117.679999,117.939999
today,today,117.94,118.37
enjoy,enjoy,118.849999,119.33999899999999
being,being,119.38,119.72999999999999
with,with,119.73,119.95
us,us,119.95,120.54
i,i,121.0,121.08
feel,feel,121.08,121.28
lucky,lucky,121.299999,121.809999
to,to,122.03999999999999,122.19
be,be,122.19,122.39999999999999
here,here,122.39999999999999,122.72
with,with,123.38,123.44999999999999
these,these,123.5,123.71
wonderful,wonderful,123.719999,124.139999
body,body,124.139999,124.419999
projectors,projectors,124.44999899999999,125.07999899999999
and,and,125.639999,125.769999
i,i,125.77,125.82
hope,hope,125.83,126.17
you,you,126.17,126.35000000000001
feel,feel,126.36,126.84
the,the,127.29,127.43
same,same,127.43,127.84
little,little,128.23,128.47
march,march,128.47,129.19
you,you,130.42,130.55999999999997
feeling,feeling,130.56,130.82
warm,warm,130.82,131.23
feeling,feeling,132.24,132.48000000000002
ready,ready,132.48,132.7
for,for,132.7,132.81
this,this,132.81,133.23
you're,you're,133.97,134.13
feeling,feeling,134.13,134.38
warm,warm,134.38,134.60999999999999
already,already,134.61,135.11
we're,we're,135.57,135.78
gonna,gonna,135.78,135.99
start,start,136.0,136.67
with,with,137.179999,137.38999900000002
a,a,137.38999900000002,137.399999
<unk>,<unk>,138.389999,138.569999
march,march,138.57,138.97
we're,we're,139.02,139.16
kind,kind,139.16,139.37
of,of,139.37,139.47
doing,doing,139.469999,139.639999
it,it,139.639999,139.789999
now,now,139.79,140.17
but,but,,
i'm,i'm,140.53,140.64000000000001
going,going,140.639999,140.729999
to,to,140.73,140.79999999999998
officially,officially,140.799999,141.32999900000002
start,start,141.33,141.65
it,it,141.78,141.95
in,in,142.629999,142.76999899999998
a,a,142.77,142.83
second,second,142.82999999999998,143.38
and,and,143.76,143.85999999999999
the,the,143.859999,143.939999
first,first,143.940001,144.310001
exercise,exercise,144.43,145.03
is,is,145.34,145.47
going,going,,
to,to,,
be,be,145.64,145.75
a,a,145.75,145.79
hooking,hooking,145.79,146.16
knee,knee,146.16,146.6
with,with,147.21,147.37
the,the,147.37,147.45000000000002
left,left,147.45,147.79
hand,hand,147.79,148.26
okay,okay,148.99,149.60000000000002
so,so,149.66,149.77
we're,we're,149.77,149.86
going,going,,
to,to,,
start,start,150.02,150.33
with,with,150.33,150.46
the,the,,
march,march,150.51,150.87
we're,we're,150.87,150.94
gonna,gonna,150.94,151.1
pick,pick,151.1,151.26999999999998
it,it,151.27,151.38000000000002
up,up,151.38,151.54999999999998
three,three,151.55,152.07000000000002
two,two,153.24,153.48000000000002
one,one,154.91000000000003,155.41000000000003
two,two,155.43,155.45000000000002
core,core,156.74,157.11
tight,tight,157.11,157.48000000000002
<unk>,<unk>,157.49,158.03
seconds,seconds,158.059999,158.799999
and,and,,
we're,we're,,
gonna,gonna,159.36,159.63000000000002
move,move,159.719999,160.159999
straight,straight,160.17000000000002,160.51000000000002
into,into,160.51,160.67
that,that,160.67000000000002,160.89000000000001
hooking,hooking,160.889999,161.20999899999998
me,me,161.219999,161.489999
breathe,breathe,162.49,163.07000000000002
breathe,breathe,164.22,164.75
breathe,breathe,165.91,166.28
i'm,i'm,166.56,166.63
gonna,gonna,166.63,166.78
count,count,166.78,167.07
us,us,167.07,167.17
down,down,167.17,167.45
into,into,167.45,167.72
it,it,167.72,167.85
enjoying,enjoying,168.32,168.7
that,that,168.7,168.89999999999998
march,march,168.9,169.51000000000002
and,and,170.58,170.70000000000002
coming,coming,170.7,170.98999999999998
forward,forward,170.99,171.33
in,in,171.33,171.35000000000002
three,three,173.36,173.8
one,one,176.83,177.21
with,with,177.219999,177.539999
me,me,177.54,177.91
brooke,brooke,177.99,178.23000000000002
annie,annie,178.23,178.69
there,there,178.690001,178.930001
we,we,178.93,179.07
go,go,182.17,182.19
so,so,182.19,182.20999999999998
keeping,keeping,182.20999999999998,182.29999999999998
nice,nice,182.47,182.82
and,and,182.82,182.85999999999999
strong,strong,182.94,183.31
you,you,183.32,183.48
can,can,183.53,183.9
have,have,183.91,184.15
weights,weights,184.15,184.49
with,with,184.49,184.71
you,you,184.71,184.97
like,like,185.26,185.6
angie,angie,185.6,186.25
i'll,i'll,187.43,187.56
be,be,187.56,187.71
honest,honest,187.71,188.08
i,i,188.08,188.14000000000001
don't,don't,188.139999,188.329999
envy,envy,188.429999,188.869999
her,her,188.87,189.21
one,one,189.639999,190.009999
little,little,190.02,190.37
bit,bit,190.37,190.69
it's,it's,191.25,191.43
tough,tough,191.429999,191.689999
enough,enough,191.69,192.03
you,you,192.16,192.32
can,can,192.32,192.41
go,go,192.41,192.57999999999998
slow,slow,192.58,193.07000000000002
you,you,194.78,194.89000000000001
can,can,194.889999,194.969999
go,go,194.969999,195.129999
fast,fast,195.21,195.77
your,your,196.26,196.59
pace,pace,196.59,196.85
let's,let's,197.879999,198.109999
do,do,198.109999,198.129999
let's,let's,199.299999,199.489999
work,work,199.49,199.95000000000002
be,be,200.69,200.84
strong,strong,200.84,201.22
deep,deep,203.73,203.95999999999998
breaths,breaths,203.96,204.3
engage,engage,205.24,206.10000000000002
work,work,208.78,209.06
through,through,209.059999,209.279999
you've,you've,209.28,209.41
got,got,209.429999,209.63999900000002
that,that,209.639999,209.83999899999998
water,water,209.84,210.4
you've,you've,210.61,210.81
got,got,210.809999,211.019999
that,that,211.02,211.27
towel,towel,211.27,211.68
at,at,211.679999,211.779999
any,any,211.84,212.18
time,time,212.21,212.51000000000002
you,you,212.509999,212.639999
can,can,212.639999,212.80999899999998
go,go,212.809999,212.989999
to,to,212.99,213.19
it,it,213.19,213.34
and,and,214.63,214.70000000000002
three,three,214.70000000000002,215.04
in,in,215.89000000000001,216.09
two,two,216.1,216.43
and,and,217.449999,217.61999899999998
in,in,217.62,217.74
one,one,217.74,218.01000000000002
that,that,218.01,218.16
was,was,218.16,218.29999999999998
<unk>,<unk>,218.33,218.59
seconds,seconds,218.62,219.06
of,of,219.06,219.25
work,work,219.25,219.78
breathe,breathe,220.54,221.19
breathe,breathe,222.24,222.65
get,get,222.71,222.87
that,that,222.87,223.02
energy,energy,223.05,223.48000000000002
back,back,223.48,223.79
in,in,223.79,224.07999999999998
focus,focus,225.3,225.78
with,with,225.84,225.97
crisp,crisp,226.01,226.78
movements,movements,226.98,227.82999999999998
good,good,228.11,228.33
form,form,228.33,228.88000000000002
it's,it's,229.54,229.62
all,all,229.62,229.70000000000002
about,about,229.7,229.94
keeping,keeping,229.94,230.3
up,up,230.299999,230.50999900000002
it's,it's,230.509999,230.629999
about,about,230.63,230.85
doing,doing,230.849999,231.089999
it,it,231.089999,231.229999
right,right,231.23,231.61999999999998
we're,we're,232.35,232.42
gonna,gonna,232.42000000000002,232.58
go,go,232.57999999999998,232.73999999999998
over,over,232.74,233.20000000000002
to,to,233.82999999999998,233.96999999999997
the,the,233.969999,234.109999
other,other,234.109999,234.319999
side,side,234.32,234.75
in,in,234.75,234.9
three,three,234.96,235.38
two,two,236.25,236.53
one,one,237.56,237.96
here,here,237.97,238.16
we,we,238.16,238.31
go,go,238.31,238.56
so,so,238.56,238.69
the,the,238.69,238.84
opposite,opposite,238.88,239.29999999999998
side,side,239.34,239.73
now,now,239.73,240.01999999999998
really,really,240.54,240.73
important,important,240.73,241.07999999999998
that,that,241.3,241.47
core,core,241.53,242.34
engaged,engaged,242.74,243.63
although,although,244.33,244.67000000000002
impact,impact,244.67,245.42
everything,everything,247.94,248.46
we,we,248.46,248.59
do,do,248.589999,248.879999
here,here,249.76999899999998,249.79999899999999
we,we,250.109999,250.289999
will,will,250.289999,250.529999
start,start,250.54999899999999,250.729999
is,is,251.07,251.25
one,one,251.26,251.69
low,low,251.92000000000002,252.20000000000002
impact,impact,252.199999,252.83999899999998
and,and,253.11,253.3
two,two,253.3,253.56
standing,standing,253.56,254.23
so,so,254.68,254.79000000000002
you,you,254.79,254.88
could,could,254.89,254.95999999999998
be,be,254.99,255.12
confident,confident,255.12,255.75
that,that,256.53,256.69
you,you,256.7,256.9
can,can,256.9,257.04999999999995
be,be,257.05,257.25
involved,involved,257.25,257.81
in,in,258.39,258.59
the,the,,
work,work,,
out,out,,
the,the,259.24,259.36
whole,whole,259.36,259.77000000000004
way,way,259.77,260.16999999999996
through,through,260.559999,260.919999
that's,that's,262.26,262.46999999999997
different,different,262.469999,262.699999
than,than,262.7,262.78
saying,saying,262.95,263.22999999999996
you,you,263.24,263.37
have,have,263.37,263.58
to,to,263.599999,263.749999
do,do,263.759999,264.009999
every,every,264.009999,264.309999
single,single,264.309999,264.689999
moment,moment,264.7,265.18
but,but,265.73,265.85
you,you,265.86,266.02000000000004
can,can,266.02,266.34
be,be,266.34,266.47999999999996
doing,doing,266.48,266.77000000000004
it,it,266.77,266.88
with,with,266.88,267.08
us,us,267.08,267.47999999999996
feeling,feeling,270.8,271.12
this,this,271.12,271.32
now,now,271.36,271.64
already,already,272.01,272.68
three,three,273.04,273.54
two,two,274.37,274.86
one,one,275.7,276.18
i'm,i'm,276.29,276.42
loving,loving,276.43,276.87
this,this,276.87,277.36
feel,feel,278.12,278.35
the,the,278.349999,278.479999
energy,energy,278.48,278.83000000000004
from,from,278.83,278.99
these,these,278.99,279.25
guys,guys,279.25,279.78
deep,deep,281.09,281.28999999999996
breaths,breaths,281.29,281.57
hydrate,hydrate,282.54,283.16
water,water,283.16,283.77000000000004
if,if,284.38,284.56
you,you,284.559999,284.669999
need,need,284.69,284.95
it,it,284.95,285.15999999999997
looking,looking,286.28,286.33
good,good,286.5,286.7
their,their,286.709999,286.889999
way,way,286.889999,287.219999
the,the,287.309999,287.419999
next,next,287.42,287.77000000000004
exercise,exercise,287.77,288.53999999999996
is,is,288.84,288.96
gonna,gonna,288.96,289.10999999999996
be,be,289.11,289.21000000000004
a,a,289.21,289.26
shoulder,shoulder,289.26,289.82
rage,rage,289.82,290.39
lunge,lunge,290.48,291.35
solar,solar,291.45,291.84
rays,rays,291.84,292.27
lunge,lunge,292.93,293.58
i,i,293.76,293.84999999999997
finally,finally,293.85,294.24
got,got,294.24,294.42
that,that,294.43,294.63
which,which,294.63,294.76
is,is,294.76,294.87
going,going,,
to,to,,
be,be,295.03,295.21999999999997
scared,scared,295.25,295.74
three,three,296.32,296.81
two,two,297.69,297.89
one,one,298.91,299.3
here,here,299.3,299.44
we,we,299.44,299.59
go,go,299.73999999999995,299.88
so,so,299.88,299.9
the,the,300.79,300.90000000000003
pace,pace,300.9,301.33
is,is,301.33,301.52
high,high,301.52,301.88
go,go,303.98,304.16
slow,slow,304.16,304.68
or,or,305.48,305.6
you,you,305.6,305.77
can,can,,
go,go,,
past,past,,
it,it,310.37,310.53000000000003
is,is,310.53,310.71999999999997
called,called,310.72,311.16
real,real,311.48,311.79
star,star,311.82,312.24
plus,plus,312.43,312.69
in,in,313.48,313.59000000000003
case,case,313.59,313.84999999999997
you're,you're,313.85,313.97
already,already,313.97,314.24
a,a,314.24,314.29
little,little,314.29,314.49
bit,bit,314.49,314.61
upset,upset,314.639999,315.049999
with,with,315.05,315.2
us,us,315.2,315.59
for,for,316.82,316.95
the,the,316.95,317.07
speed,speed,317.07,317.54
and,and,318.309999,318.479999
the,the,318.48,318.59000000000003
intensity,intensity,318.59,319.11999999999995
but,but,320.059999,320.169999
this,this,320.17,320.29
is,is,320.29,320.42
about,about,320.42,320.72
taking,taking,320.719999,321.04999899999996
your,your,321.049999,321.21999900000003
body,body,321.219999,321.49999899999995
on,on,321.5,321.63
that,that,321.63,321.82
bit,bit,321.82,322.0
further,further,322.039999,322.439999
feel,feel,323.299999,323.609999
good,good,323.609999,323.95999900000004
wherever,wherever,324.279999,324.749999
you,you,324.75,324.98
are,are,324.99,325.31
if,if,325.8,325.93
you,you,325.93,326.01
need,need,326.01,326.17
to,to,326.17,326.26
break,break,326.26,326.58
halfway,halfway,326.58,327.01
through,through,327.01,327.32
it's,it's,327.55,327.72
about,about,327.72,328.0
progress,progress,328.0,328.58
not,not,328.58,328.76
perfection,perfection,328.8,329.41
do,do,329.86,330.09000000000003
your,your,330.1,330.31
best,best,330.35,330.99
march,march,331.45,331.88
whenever,whenever,331.88,332.24
you,you,332.24,332.42
have,have,332.42,332.7
to,to,332.7,333.01
be,be,333.49,333.7
strong,strong,333.719999,334.11999899999995
three,three,334.76,335.21
two,two,336.009999,336.489999
and,and,337.33,337.69
one,one,337.69,338.06
and,and,339.099999,339.26999900000004
a,a,339.27,339.34
nice,nice,339.339999,339.689999
march,march,339.69,340.34
next,next,342.76,343.07
one,one,343.07,343.36
is,is,343.9,344.08
a,a,344.08,344.19
touch,touch,344.25,344.95
and,and,345.31,345.59
me,me,345.6,346.32000000000005
raise,raise,346.98,347.42
okay,okay,347.74,348.31
and,and,348.73,348.85
we're,we're,348.85,348.95000000000005
gonna,gonna,348.95,349.13
touch,touch,349.13,349.53
and,and,349.53,349.69
raise,raise,349.69,349.93
into,into,350.0,350.32
the,the,350.32,350.46999999999997
right,right,350.47,350.91
knee,knee,351.54,352.0
so,so,353.19,353.43
fast,fast,353.429999,353.829999
pace,pace,353.83,354.27
keep,keep,354.32,354.51
marching,marching,354.52,354.90999999999997
if,if,354.91,355.03000000000003
you,you,355.03,355.13
have,have,355.13,355.40999999999997
to,to,355.41,355.68
three,three,356.38,356.93
two,two,358.51,358.53
one,one,359.18,359.65000000000003
here,here,359.66,359.86
we,we,359.859999,359.999999
go,go,360.0,360.25
so,so,360.25,360.45
we,we,360.45,360.59
touch,touch,360.67,361.22
one,one,361.309999,361.71999900000003
knee,knee,361.7,362.07
forty,forty,363.76,364.17
seconds,seconds,364.17,364.67
here,here,364.67,365.09000000000003
you're,you're,365.61,365.73
gonna,gonna,365.73,365.93
find,find,365.93,366.35
that,that,366.35,366.38
that,that,,
build,build,366.78,367.21999999999997
up,up,367.22,367.44000000000005
is,is,368.33,368.49
intense,intense,368.68,369.17
through,through,370.16,370.66
the,the,371.09000000000003,371.29
planted,planted,,
leg,leg,372.12,372.43
not,not,372.83,373.03
the,the,373.049999,373.159999
one,one,373.179999,373.459999
that,that,373.469999,373.49999899999995
you're,you're,373.49999899999995,373.75999899999994
raising,raising,373.75999899999994,374.09999899999997
right,right,374.27,374.52
come,come,376.48,376.72
on,on,376.71999900000003,376.83999900000003
guys,guys,376.84,377.19
let's,let's,378.209999,378.459999
work,work,378.46999900000003,378.75999900000005
this,this,378.92999900000007,378.98999900000007
it's,it's,380.14,380.27
about,about,380.27,380.56
desire,desire,380.56,381.21
the,the,381.85,381.97
physical,physical,381.97,382.46000000000004
body,body,382.46,382.77
can,can,382.77,382.94
do,do,382.94,383.16
so,so,383.16,383.19
much,much,383.42,383.90000000000003
it's,it's,,
in,in,384.52,384.65999999999997
the,the,384.66,384.75
mind,mind,384.75,385.18
about,about,386.01,386.23
determination,determination,386.23,387.13
that's,that's,387.61,387.82
what,what,387.82,387.96999999999997
gets,gets,387.969999,388.149999
you,you,388.15,388.28
through,through,388.28,388.64
the,the,389.52,389.64
moments,moments,389.639999,390.389999
i,i,390.98,391.03000000000003
know,know,391.03,391.15999999999997
you,you,391.16,391.34000000000003
can,can,391.34,391.81
i,i,392.809999,392.869999
know,know,392.88,393.21999999999997
you,you,393.219999,393.41999899999996
will,will,393.42,393.8
in,in,394.539999,394.659999
three,three,394.699999,395.169999
two,two,396.0,396.44
and,and,397.33,397.55
one,one,397.55,397.89
and,and,398.96,399.18
breathe,breathe,399.18,399.58
get,get,402.24,402.44
that,that,402.44,402.61
water,water,402.61,403.19
use,use,403.76,404.0
that,that,404.0,404.26
towel,towel,404.26,405.01
if,if,405.41,405.6
you,you,405.599999,405.69999900000005
need,need,405.7,405.96999999999997
to,to,405.969999,406.60999899999996
good,good,406.929999,407.159999
work,work,407.16,407.35
wait,wait,407.38,407.81
loving,loving,408.4,408.76
that,that,408.759999,408.919999
extra,extra,408.96999900000003,409.369999
effort,effort,409.369999,409.569999
i,i,409.75,409.95
can,can,410.29,410.45000000000005
feel,feel,410.45,410.76
it,it,410.759999,410.899999
angie,angie,411.62,412.21
and,and,412.91,413.02000000000004
then,then,413.02,413.13
weights,weights,413.129999,413.399999
all,all,413.4,413.48999999999995
right,right,413.49,413.72
bye,bye,414.68,414.94
so,so,414.939999,415.279999
don't,don't,415.31,415.45
envy,envy,415.89,416.24
you,you,416.24,416.37
we,we,416.37,416.5
got,got,416.5,416.69
straight,straight,416.69,417.02
punches,punches,417.02,417.5
three,three,417.52,417.75
two,two,417.75,418.12
one,one,418.38,418.81
i,i,420.26,420.33
practiced,practiced,420.33,420.75
this,this,420.83,421.01
workout,workout,421.01,421.5
the,the,421.52,421.64
other,other,421.64,421.83
day,day,421.83,422.2
i've,i've,423.13,423.15
got,got,423.15,423.18
about,about,423.18,423.4
<unk>,<unk>,423.71,424.03
seconds,seconds,424.05,424.46000000000004
in,in,424.46,424.56
with,with,424.559999,424.699999
weights,weights,424.7,425.03
and,and,425.03,425.07
i,i,,
thought,thought,,
i'll,i'll,,
give,give,,
them,them,,
to,to,,
angie,angie,,
because,because,,
i,i,,
can,can,,
do,do,425.07,425.11
that,that,429.75,429.98
tough,tough,433.14,433.4
enough,enough,433.4,433.72999999999996
as,as,433.74,433.92
it,it,433.93,434.01
is,is,434.06,434.44
in,in,435.43,435.55
that,that,436.71,436.84999999999997
core,core,436.85,437.19
strong,strong,437.19,437.59
to,to,,
get,get,,
them,them,437.73,437.95000000000005
punches,punches,438.71,439.13
out,out,439.13,439.29
<unk>,<unk>,439.3,439.92
your,your,440.98,441.20000000000005
best,best,441.37,441.53000000000003
punches,punches,441.559999,442.169999
punch,punch,443.05,443.37
someone,someone,443.37,443.78000000000003
there's,there's,444.429999,444.539999
always,always,444.54,444.8
a,a,444.799999,444.849999
body,body,444.849999,445.129999
project,project,445.139999,445.639999
you,you,445.86,445.99
can,can,445.99,446.15000000000003
punch,punch,446.15,446.40999999999997
anyone,anyone,446.41,446.79
you,you,446.79,446.90000000000003
like,like,446.9,447.32
except,except,447.889999,448.199999
angie,angie,448.199999,448.699999
me,me,449.17,449.52000000000004
always,always,449.879999,450.369999
that's,that's,450.46999900000003,450.69999900000005
off,off,450.7,450.84999999999997
limits,limits,450.85,451.32000000000005
as,as,452.77,452.90999999999997
much,much,452.91,453.1
as,as,453.1,453.21000000000004
you,you,453.21,453.31
might,might,453.31,453.52
want,want,453.52,453.68
to,to,454.0,454.06
three,three,454.1,454.46
two,two,455.38,455.49
and,and,456.66,457.03000000000003
one,one,457.03,457.65999999999997
march,march,459.24,459.62
it,it,459.62,459.78000000000003
out,out,459.78,460.14
deep,deep,462.61,462.82
breaths,breaths,462.83,463.46
deep,deep,464.33,464.57
breaths,breaths,464.57,464.87
feeling,feeling,466.17,466.46000000000004
good,good,466.459999,466.809999
we've,we've,469.08,469.27
got,got,469.279999,469.459999
this,this,469.53,469.98999999999995
we've,we've,470.44,470.71
got,got,470.71,470.98999999999995
this,this,,
it's,it's,471.23,471.33000000000004
the,the,,
touch,touch,471.4,471.78999999999996
and,and,,
knee,knee,471.91,472.17
raise,raise,472.17,472.56
coming,coming,472.77,473.09999999999997
to,to,473.1,473.22
the,the,473.22,473.35
left,left,473.35,473.69
keep,keep,474.78,474.98999999999995
marching,marching,475.0,475.65
three,three,476.98,477.41
two,two,478.09,478.53
one,one,479.23,479.70000000000005
so,so,480.4,480.51
we,we,480.509999,480.609999
come,come,480.61,480.84000000000003
we,we,480.84,480.95
lift,lift,480.95,481.14
the,the,481.139999,481.259999
left,left,481.259999,481.689999
knee,knee,481.69,481.95
now,now,481.95,482.34999999999997
give,give,485.84,485.89
that,that,486.059999,486.259999
core,core,486.26,486.51
strong,strong,486.51,486.87
you,you,486.93,487.06
can,can,487.07,487.21999999999997
slow,slow,487.22,487.53000000000003
right,right,487.53,487.80999999999995
down,down,487.81,488.19
if,if,488.57,488.74
you,you,488.74,488.82
just,just,488.82,489.0
want,want,489.0,489.12
to,to,489.12,489.18
put,put,489.18,489.36
some,some,489.36,489.53000000000003
squats,squats,489.55,489.97
in,in,489.97,490.12
for,for,490.12,490.25
a,a,490.25,490.33
second,second,490.33,490.74
as,as,490.74,490.85
well,well,490.85,491.26000000000005
that's,that's,491.75,492.02
fine,fine,492.03,492.34
you,you,492.34,492.46
can,can,492.46,492.60999999999996
kind,kind,492.61,492.82
of,of,492.82,492.92
stand,stand,492.93,493.44
to,to,493.45,493.86
like,like,494.309999,494.539999
this,this,494.54,495.04
i'm,i'm,495.91,496.06
i've,i've,496.12,496.26
lost,lost,496.26,496.52
everybody,everybody,496.52,496.94
there,there,496.94,497.24
but,but,498.259999,498.359999
it's,it's,498.36,498.41
important,important,498.41,498.70000000000005
to,to,498.7,498.72999999999996
show,show,498.73,498.92
you,you,498.92,499.03000000000003
some,some,499.03,499.17999999999995
different,different,499.219999,499.689999
variations,variations,500.41,501.52000000000004
working,working,502.27,502.78999999999996
through,through,502.789999,503.00999900000005
remember,remember,504.45,504.83
this,this,504.83,505.03999999999996
workout,workout,505.04,505.55
is,is,505.58,505.65999999999997
designed,designed,505.7,506.19
to,to,506.2,506.31
be,be,506.31,506.46
tough,tough,506.46,506.87
please,please,507.54,508.44
press,press,508.78,509.05999999999995
pause,pause,509.08,509.71
whenever,whenever,510.13,510.49
you,you,510.49,510.66
have,have,510.66,511.0
to,to,511.0,511.34
take,take,512.059999,512.3499989999999
an,an,512.349999,512.469999
extra,extra,512.47,512.8100000000001
break,break,512.809999,513.409999
whenever,whenever,513.88,514.27
you,you,514.27,514.41
need,need,514.41,514.68
to,to,514.69,515.0600000000001
and,and,516.75,517.5
watch,watch,517.5,518.3
and,and,519.049999,519.3399989999999
breathe,breathe,519.339999,519.609999
fortunately,fortunately,522.68,523.66
we've,we've,524.2199999999999,524.3299999999999
got,got,524.3299999999999,524.36
a,a,524.53,524.61
little,little,524.61,524.85
bit,bit,524.85,524.99
of,of,524.99,525.1
time,time,525.1,525.47
off,off,525.47,525.61
cardio,cardio,525.62,526.16
now,now,526.16,526.5799999999999
that's,that's,527.41,527.5899999999999
the,the,527.59,527.6700000000001
good,good,527.67,527.8499999999999
news,news,527.85,528.3100000000001
the,the,529.0,529.11
bad,bad,529.11,529.37
news,news,529.37,529.61
is,is,529.61,530.0500000000001
we've,we've,530.5,530.67
got,got,530.67,530.86
some,some,530.86,531.0600000000001
more,more,531.059999,531.4899989999999
tough,tough,531.49,531.82
work,work,531.82,532.3900000000001
on,on,532.75,532.93
the,the,532.929999,533.029999
legs,legs,533.03,533.62
with,with,533.969999,534.1599990000001
some,some,534.16,534.3199999999999
<unk>,<unk>,534.32,534.33
resistance,resistance,534.95,535.61
in,in,535.61,535.76
three,three,535.759999,536.379999
two,two,537.039999,537.569999
and,and,538.34,538.59
one,one,538.59,538.9
let's,let's,538.9,539.03
step,step,539.039999,539.3399989999999
it,it,539.34,539.45
out,out,539.449999,539.6699990000001
now,now,539.67,540.01
work,work,541.67,541.81
it,it,541.98,542.14
through,through,542.14,542.52
dig,dig,543.26,543.7
core,core,545.06,545.3599999999999
strong,strong,545.36,545.79
we,we,546.67,546.87
got,got,546.87,547.08
this,this,547.08,547.5200000000001
feel,feel,548.9,549.13
the,the,549.13,549.21
burn,burn,549.21,549.63
believe,believe,550.469999,550.829999
in,in,550.83,550.94
yourself,yourself,550.94,551.6400000000001
believe,believe,552.03,552.43
you,you,552.429999,552.549999
can,can,552.55,553.06
because,because,553.28,553.61
you,you,553.61,553.73
can,can,553.759999,554.269999
and,and,554.75,554.86
you,you,554.87,555.04
will,will,555.04,555.52
this,this,557.9,558.11
workout,workout,558.109999,558.9299990000001
it's,it's,559.44,559.47
like,like,559.49,559.69
an,an,559.69,559.7900000000001
everest,everest,559.8,560.4699999999999
you,you,560.96,561.1
got,got,561.1,561.21
to,to,561.77,561.7900000000001
keep,keep,561.96,561.99
stepping,stepping,561.99,562.14
up,up,562.14,562.51
keep,keep,562.94,563.1600000000001
working,working,563.17,563.7099999999999
on,on,563.71,563.9200000000001
its,its,563.93,563.9699999999999
here,here,566.53,566.81
to,to,566.809999,566.9699989999999
find,find,566.97,567.4
the,the,567.4,567.51
place,place,567.51,567.9
that,that,567.9,567.93
you,you,568.01,568.3199999999999
can,can,568.349999,568.5499990000001
get,get,568.55,568.78
to,to,568.78,569.04
working,working,570.79,571.3299999999999
through,through,571.33,571.76
three,three,573.44,573.9200000000001
two,two,574.9,575.42
and,and,576.359999,576.789999
one,one,576.79,577.29
and,and,577.61,577.8499999999999
march,march,578.58,579.01
it,it,579.01,579.16
out,out,579.16,579.4599999999999
good,good,579.6399999999999,579.7299999999999
work,work,580.54,580.76
there,there,580.8,580.9699999999999
wade,wade,580.97,581.44
loving,loving,581.86,582.21
that,that,582.21,582.4100000000001
bud,bud,582.41,582.8199999999999
are,are,583.27,583.39
you,you,583.39,583.46
going,going,584.1600000000001,584.21
in,in,584.21,584.23
good,good,584.52,584.99
angie,angie,585.41,586.4499999999999
i've,i've,586.9,587.01
been,been,587.01,587.13
wanting,wanting,587.13,587.32
to,to,587.32,587.4100000000001
do,do,587.41,587.62
that,that,587.62,587.85
for,for,587.849999,587.969999
years,years,587.969999,588.499999
and,and,588.79,589.1999999999999
g,g,589.7499999999999,590.53
right,right,591.3799999999999,591.89
i,i,592.31,592.39
don't,don't,,
think,think,,
<unk>,<unk>,593.01,593.02
likes,likes,593.029999,593.259999
me,me,593.26,593.34
as,as,593.34,593.44
much,much,593.440001,593.6400010000001
as,as,593.639999,593.739999
she,she,593.74,593.88
did,did,593.879999,594.049999
before,before,594.049999,594.4699989999999
other,other,595.22,595.46
side,side,595.46,595.87
three,three,595.88,596.36
two,two,597.5,597.52
one,one,597.87,598.22
here,here,598.22,598.36
we,we,598.36,598.49
go,go,598.49,598.78
so,so,599.8,600.03
i,i,600.03,600.12
like,like,600.12,600.4
a,a,600.4,600.4499999999999
little,little,600.45,600.7
arm,arm,600.7,600.9100000000001
movement,movement,600.91,601.4
remember,remember,601.4,601.67
the,the,601.67,601.8
lower,lower,601.8,602.13
you,you,602.13,602.28
go,go,602.28,602.76
the,the,603.26,603.38
tougher,tougher,603.38,603.86
it,it,603.86,603.9300000000001
is,is,603.94,604.48
if,if,604.889999,604.999999
you,you,605.03,605.15
feel,feel,605.15,605.38
a,a,605.38,605.45
<unk>,<unk>,605.45,605.82
in,in,605.83,605.94
your,your,605.94,606.0600000000001
lower,lower,606.07,606.3900000000001
back,back,606.389999,606.939999
just,just,607.509999,607.829999
stop,stop,607.83,608.1500000000001
immediately,immediately,608.15,609.18
pushing,pushing,610.869999,611.299999
through,through,611.299999,611.6999989999999
dig,dig,612.57,612.87
in,in,612.89,613.04
it,it,613.04,613.13
working,working,614.24,614.78
hard,hard,614.79,615.3299999999999
suck,suck,615.96,616.32
up,up,616.32,616.48
the,the,616.49,616.64
adrenaline,adrenaline,616.64,617.27
<unk>,<unk>,617.82,618.1400000000001
seconds,seconds,618.17,618.53
of,of,618.53,618.67
work,work,618.67,619.26
keep,keep,620.42,620.66
working,working,620.66,621.17
keep,keep,621.2,621.4000000000001
going,going,621.41,621.93
dig,dig,625.509999,625.899999
dig,dig,626.52,626.93
dig,dig,627.389999,627.909999
come,come,629.02,629.25
on,on,629.25,629.5
we,we,629.84,630.08
can,can,630.12,630.59
ha,ha,630.91,631.89
we,we,632.33,632.59
will,will,632.59,633.0300000000001
we,we,634.12,634.35
got,got,634.35,634.58
this,this,634.58,635.0400000000001
three,three,636.07,636.5400000000001
<unk>,<unk>,639.5000000000001,639.9900000000001
and,and,639.9900000000001,640.2400000000001
march,march,641.32,641.9000000000001
he,he,645.19,645.37
marching,marching,645.37,645.8100000000001
i'm,i'm,645.809999,645.889999
gonna,gonna,645.889999,646.0699989999999
take,take,646.07,646.34
a,a,646.52,646.5799999999999
little,little,646.58,646.8100000000001
breather,breather,647.529999,647.8299989999999
it's,it's,648.97,649.1700000000001
ok,ok,649.17,649.77
take,take,650.29,650.51
your,your,650.51,650.65
time,time,650.71,651.19
don't,don't,651.62,651.87
rush,rush,651.87,652.49
the,the,653.9,654.0
clock,clock,654.0,654.26
keeps,keeps,654.26,654.53
ticking,ticking,654.57,655.08
doesn't,doesn't,655.43,655.7099999999999
mean,mean,655.71,655.9200000000001
you,you,655.92,656.11
have,have,656.11,656.36
to,to,656.36,656.63
three,three,657.54,658.04
to,to,658.64,659.11
one,one,659.71,660.13
we've,we've,660.13,660.31
got,got,660.309999,660.559999
hamstring,hamstring,660.62,661.42
punches,punches,661.42,661.9599999999999
now,now,661.96,662.27
so,so,662.61,662.79
the,the,662.88,663.02
opposite,opposite,663.08,663.5300000000001
hamstring,hamstring,663.57,664.46
we,we,664.559999,664.679999
squeeze,squeeze,664.68,665.17
that,that,665.17,665.37
muscle,muscle,665.369999,665.949999
between,between,666.309999,666.799999
for,for,667.369999,667.529999
me,me,667.56,667.8299999999999
and,and,667.83,667.96
the,the,668.3,668.4499999999999
varmint,varmint,668.45,668.87
pulled,pulled,668.89,669.1
the,the,669.1,669.1800000000001
hamstring,hamstring,669.18,669.8499999999999
and,and,670.17,670.28
we,we,670.28,670.38
throw,throw,670.38,670.72
a,a,670.72,670.8000000000001
punch,punch,670.8,671.2299999999999
out,out,671.23,671.6
you,you,672.12,672.24
can,can,672.24,672.35
put,put,672.35,672.53
a,a,672.53,672.5799999999999
little,little,672.58,672.82
bit,bit,,
in,in,673.11,673.24
there,there,673.24,673.5
as,as,673.5,673.63
well,well,673.64,674.02
if,if,674.71,674.9000000000001
you,you,674.9,675.05
want,want,675.059999,675.409999
to,to,675.42,675.7199999999999
be,be,676.559999,676.749999
strong,strong,676.75,677.3
be,be,678.17,678.41
focused,focused,678.41,679.18
be,be,679.65,679.8199999999999
determined,determined,679.82,680.61
keep,keep,687.09,687.2900000000001
working,working,687.29,687.9
come,come,688.5,688.77
on,on,688.77,689.04
come,come,689.71,689.96
on,on,689.96,690.1800000000001
stay,stay,690.81,691.17
focused,focused,691.17,691.76
stay,stay,692.51,692.86
engaged,engaged,692.86,693.4300000000001
big,big,696.69,697.0500000000001
<unk>,<unk>,697.049999,697.059999
<unk>,<unk>,697.2099989999999,697.5799989999999
<unk>,<unk>,698.8599989999999,699.1099989999999
i,i,702.029999,702.149999
hope,hope,702.15,702.38
you're,you're,702.379999,702.509999
enjoying,enjoying,702.51,703.06
today's,today's,703.07,703.46
workout,workout,703.46,703.96
if,if,704.2,704.34
you'd,you'd,704.34,704.5300000000001
like,like,704.53,704.73
to,to,704.73,704.78
take,take,704.84,705.09
part,part,705.09,705.34
in,in,705.35,705.46
the,the,705.46,705.6
rest,rest,705.61,706.13
of,of,706.27,706.4
the,the,706.4,706.48
real,real,706.49,706.71
star,star,,
plus,plus,707.02,707.29
plan,plan,707.29,707.5799999999999
with,with,707.58,707.72
myself,myself,707.72,708.1800000000001
angie,angie,708.23,708.6
and,and,708.6,708.72
wade,wade,708.72,709.07
come,come,709.29,709.4699999999999
and,and,709.47,709.5600000000001
join,join,709.56,709.8499999999999
us,us,709.85,710.12
at,at,710.309999,710.549999
teen,teen,710.55,710.81
body,body,710.809999,711.049999
project,project,711.05,711.52
calm,calm,712.03,712.25
i,i,713.349999,713.409999
don't,don't,713.41,713.52
really,really,713.52,713.6899999999999
think,think,713.69,714.0
it's,it's,714.0,714.19
fair,fair,714.19,714.6300000000001
to,to,714.679999,714.789999
have,have,714.79,715.02
the,the,715.02,715.1
word,word,715.099999,715.499999
just,just,715.549999,716.189999
anywhere,anywhere,716.19,716.5600000000001
near,near,716.559999,716.759999
this,this,716.759999,716.949999
workout,workout,716.95,717.5400000000001
to,to,718.07,718.19
be,be,718.199999,718.359999
honest,honest,718.359999,718.699999
but,but,718.709999,718.949999
it's,it's,719.92,720.16
there,there,720.35,720.43
it's,it's,721.5899999999999,721.63
there,there,721.8,722.28
loving,loving,722.81,723.18
the,the,723.18,723.29
energy,energy,723.29,723.67
guys,guys,723.67,723.99
next,next,723.99,724.32
up,up,724.32,724.47
we've,we've,724.49,724.64
got,got,724.65,724.79
oblique,oblique,724.83,725.39
crunches,crunches,725.43,726.15
it's,it's,726.33,726.5
gonna,gonna,726.5,726.67
be,be,726.67,726.8299999999999
crunches,crunches,727.09,727.71
on,on,728.0,728.22
each,each,728.22,728.4100000000001
side,side,728.41,728.81
okay,okay,728.86,729.28
are,are,729.28,729.29
you,you,729.89,729.91
ready,ready,730.08,730.45
beep,beep,734.11,734.2
great,great,734.2800000000001,734.32
maybe,maybe,734.35,734.44
you,you,734.44,734.46
can,can,734.63,734.8
pump,pump,734.799999,735.0999989999999
out,out,735.099999,735.2899990000001
the,the,735.299999,735.379999
march,march,735.38,735.91
or,or,,
you,you,736.57,736.6500000000001
can,can,736.65,736.8
just,just,736.799999,736.9699989999999
walk,walk,736.969999,737.1799990000001
it,it,737.18,737.31
out,out,737.309999,737.639999
both,both,738.09,738.4200000000001
of,of,738.42,738.55
them,them,738.549999,738.7099989999999
are,are,738.709999,738.769999
good,good,738.77,739.23
we're,we're,739.58,739.8100000000001
winners,winners,739.81,740.3199999999999
we're,we're,740.36,740.59
winning,winning,740.59,741.07
this,this,741.33,741.5400000000001
is,is,741.54,741.67
the,the,741.68,741.77
halfway,halfway,741.77,742.29
mark,mark,742.29,742.7199999999999
three,three,743.05,743.55
two,two,744.43,744.8199999999999
one,one,745.21,745.9000000000001
here,here,745.9,746.03
we,we,746.03,746.16
go,go,746.16,746.4499999999999
one,one,748.61,748.96
two,two,749.62,749.97
and,and,750.34,750.48
again,again,750.48,750.86
one,one,750.9,751.4
two,two,751.9,752.1999999999999
we,we,752.2,752.35
pause,pause,752.349999,752.6899990000001
in,in,752.69,752.7800000000001
the,the,752.78,752.88
middle,middle,752.88,753.24
one,one,753.49,753.91
two,two,754.469999,754.879999
so,so,754.889999,754.909999
you're,you're,755.26,755.4399999999999
really,really,,
then,then,,
get,get,755.889999,756.079999
that,that,756.08,756.23
action,action,756.3,756.8
on,on,758.39,758.54
your,your,758.54,758.66
bleach,bleach,758.66,759.0699999999999
squeezing,squeezing,761.45,761.87
that,that,761.87,762.0600000000001
muscle,muscle,762.06,762.41
down,down,762.41,762.6999999999999
here,here,762.7,763.12
don't,don't,764.9,765.03
worry,worry,765.03,765.0600000000001
if,if,765.23,765.32
it,it,765.32,765.4000000000001
takes,takes,765.4,765.64
you,you,765.639999,765.709999
a,a,765.71,765.77
second,second,765.77,766.09
to,to,766.09,766.15
get,get,766.15,766.34
it,it,766.34,766.37
keep,keep,769.94,770.07
working,working,770.11,770.49
through,through,775.41,775.4399999999999
almost,almost,775.45,775.85
halfway,halfway,775.85,776.35
well,well,777.85,777.97
they,they,777.97,778.09
might,might,778.09,778.25
have,have,778.25,778.37
a,a,778.37,778.44
cheeky,cheeky,778.44,779.0300000000001
surprise,surprise,779.47,780.0
for,for,780.03,780.17
everybody,everybody,780.17,780.68
three,three,780.73,780.76
two,two,781.72,781.74
and,and,781.74,781.77
one,one,781.77,781.8
get,get,781.8,781.83
some,some,781.83,781.86
water,water,781.86,781.9
guys,guys,,
hydrate,hydrate,,
halfway,halfway,,
mark,mark,,
believe,believe,,
it,it,782.13,782.21
or,or,782.21,782.2800000000001
not,not,782.28,782.43
i,i,787.9699999999999,788.2199999999999
have,have,800.41,800.65
designed,designed,800.66,801.4699999999999
this,this,801.889999,802.099999
workout,workout,802.099999,802.699999
to,to,803.259999,803.419999
be,be,803.49,803.9
enjoyed,enjoyed,804.69,805.3000000000001
i,i,805.77,805.86
have,have,805.86,806.0500000000001
designed,designed,806.049999,806.499999
this,this,806.5,806.67
workout,workout,806.67,807.31
for,for,807.69,807.83
you,you,807.83,808.01
guys,guys,808.029999,808.499999
to,to,808.719999,808.869999
enjoy,enjoy,808.869999,809.319999
moving,moving,809.32,809.7800000000001
feeling,feeling,814.73,815.0
that,that,815.0,815.11
adrenalin,adrenalin,815.13,815.79
working,working,815.79,816.1999999999999
through,through,816.2,816.51
now,now,816.51,816.67
though,though,816.67,816.8399999999999
yeah,yeah,816.84,817.27
you're,you're,817.82,817.8900000000001
feeling,feeling,817.89,818.17
good,good,818.17,818.4599999999999
this,this,818.9,819.1
second,second,819.11,819.5
half,half,819.51,819.83
we're,we're,819.83,819.9300000000001
gonna,gonna,819.929999,820.0999989999999
put,put,820.099999,820.3099990000001
in,in,820.309999,820.4599989999999
even,even,820.7,821.07
more,more,821.07,821.35
than,than,821.349999,821.379999
the,the,821.38,821.4
first,first,821.57,821.8900000000001
half,half,822.05,822.28
we're,we're,822.61,822.72
gonna,gonna,822.719999,822.9299990000001
really,really,822.929999,823.149999
show,show,823.15,823.52
how,how,823.99,824.22
we,we,824.219999,824.399999
can,can,824.4,824.5799999999999
do,do,824.58,824.76
it,it,824.759999,824.909999
how,how,824.91,825.0799999999999
we,we,825.08,825.23
can,can,825.23,825.4300000000001
roll,roll,825.429999,825.809999
our,our,826.27,826.6
best,best,826.619999,827.039999
effort,effort,827.039999,827.1999989999999
your,your,827.689999,828.029999
personal,personal,828.21,828.9000000000001
best,best,829.27,829.6999999999999
effort,effort,830.08,830.48
not,not,830.48,830.62
my,my,830.65,830.93
base,base,830.93,831.28
not,not,831.31,831.51
weight,weight,831.51,831.78
rest,rest,831.82,832.1700000000001
well,well,832.28,832.42
<unk>,<unk>,832.42,832.8299999999999
best,best,832.85,833.26
your,your,833.47,833.9200000000001
best,best,833.96,834.32
effort,effort,834.32,834.94
is,is,835.09,835.26
what,what,835.26,835.37
i,i,835.45,835.51
want,want,835.51,835.7
to,to,835.7,835.8000000000001
see,see,835.81,836.05
now,now,836.05,836.42
come,come,836.77,837.04
on,on,837.04,837.18
we've,we've,837.45,837.71
got,got,837.71,837.94
this,this,837.94,838.2600000000001
we're,we're,838.51,838.63
gonna,gonna,838.63,838.78
move,move,838.78,838.9399999999999
back,back,838.96,839.1500000000001
into,into,839.15,839.36
the,the,839.36,839.45
hook,hook,839.45,839.6500000000001
and,and,839.65,839.77
knees,knees,839.77,840.1899999999999
left,left,840.44,840.7900000000001
hand,hand,840.79,841.0799999999999
first,first,841.08,841.5400000000001
in,in,841.54,841.64
three,three,842.14,842.61
come,come,842.87,843.17
up,up,843.17,843.4399999999999
in,in,843.9,844.02
two,two,844.190001,844.5100010000001
and,and,845.17,845.49
one,one,845.49,845.77
let's,let's,845.779999,845.999999
go,go,846.0,846.23
now,now,846.23,846.5500000000001
come,come,846.58,846.85
on,on,846.86,847.0500000000001
let's,let's,847.05,847.28
dig,dig,847.28,847.75
ah,ah,848.27,848.56
breathe,breathe,849.19,849.5300000000001
it,it,849.58,849.7700000000001
through,through,849.78,850.35
work,work,850.79,851.29
it,it,851.29,851.5
through,through,851.51,852.08
core,core,852.29,852.5799999999999
strong,strong,852.59,853.0600000000001
we,we,855.27,855.48
got,got,856.67,856.89
it,it,856.889999,857.219999
we,we,857.4399990000001,857.459999
got,got,857.459999,857.489999
it,it,857.489999,857.509999
come,come,857.509999,857.709999
on,on,857.709999,857.829999
come,come,858.319999,858.5599990000001
on,on,858.5599990000001,858.6899990000001
big,big,861.41,861.5799999999999
effort,effort,861.58,861.7
big,big,862.34,862.6
effort,effort,862.6,862.7
that,that,863.25,863.5
pain,pain,863.5,864.02
you're,you're,864.17,864.42
stronger,stronger,864.440001,864.9200010000001
than,than,864.92,865.0899999999999
the,the,865.09,865.19
pain,pain,865.2,865.6500000000001
you're,you're,866.69,866.87
stronger,stronger,866.87,867.41
than,than,867.76,867.93
the,the,867.93,868.05
pain,pain,868.05,868.53
you're,you're,868.93,869.1099999999999
stronger,stronger,869.11,869.62
than,than,869.62,869.77
anything,anything,869.77,870.36
you,you,870.63,870.77
can,can,870.77,870.9
do,do,870.9,871.13
this,this,871.13,871.61
come,come,871.89,872.15
on,on,872.15,872.25
work,work,873.3,873.62
through,through,873.63,873.99
change,change,874.37,874.68
your,your,874.679999,874.749999
body,body,874.75,875.26
change,change,875.809999,876.0799989999999
your,your,876.08,876.1800000000001
life,life,876.179999,876.749999
everything's,everything's,877.139999,877.649999
coming,coming,877.65,877.9599999999999
for,for,877.96,878.09
you,you,878.09,878.23
now,now,878.259999,878.609999
this,this,879.44,879.59
starts,starts,879.61,880.03
right,right,880.049999,880.3499989999999
now,now,880.35,880.66
it,it,880.67,880.6899999999999
starts,starts,881.07,881.47
with,with,881.469999,881.589999
the,the,881.59,881.6600000000001
next,next,881.66,881.9399999999999
punch,punch,881.969999,882.459999
it,it,882.699999,882.7999990000001
starts,starts,882.799999,883.149999
with,with,883.15,883.29
the,the,883.29,883.3499999999999
next,next,883.35,883.65
knee,knee,883.65,883.9599999999999
three,three,884.42,884.8499999999999
two,two,885.69,886.1300000000001
and,and,886.91,887.3
one,one,887.3,887.79
pass,pass,891.53,891.92
channeling,channeling,892.48,893.04
the,the,893.04,893.13
up,up,893.13,893.15
now,now,893.38,893.7
feeling,feeling,894.559999,894.919999
it,it,894.92,895.03
works,works,895.03,895.4399999999999
speak,speak,899.779999,900.009999
energy,energy,900.01,900.43
big,big,901.26,901.45
drivers,drivers,901.45,901.84
pick,pick,902.5500000000001,902.75
the,the,902.75,902.88
tire,tire,902.94,903.1500000000001
three,three,903.32,903.6400000000001
two,two,904.57,904.97
one,one,905.96,906.2800000000001
come,come,906.3,906.4799999999999
on,on,906.48,906.59
let's,let's,907.3,907.53
do,do,907.53,907.75
this,this,907.75,907.89
music,music,916.25,916.31
keep,keep,916.31,916.4
breathing,breathing,916.4,916.64
keep,keep,916.64,916.67
that,that,916.67,916.6999999999999
core,core,917.809999,918.129999
strong,strong,918.18,918.53
every,every,919.0,919.31
punch,punch,919.31,919.8399999999999
every,every,920.47,920.74
moment,moment,920.74,921.07
every,every,923.66,923.81
single,single,924.1,924.5500000000001
second,second,925.51,925.99
matters,matters,926.46,927.01
if,if,927.469999,927.609999
you,you,927.61,927.6800000000001
need,need,927.679999,927.8599989999999
to,to,927.86,927.96
pull,pull,927.96,928.22
up,up,928.219999,928.4099990000001
to,to,928.78,928.9
come,come,928.91,929.14
back,back,929.15,929.36
and,and,,
love,love,929.95,930.24
that,that,930.24,930.42
take,take,931.04,931.23
a,a,931.23,931.3100000000001
few,few,931.38,931.53
seconds,seconds,931.53,932.0
gather,gather,932.63,932.9399999999999
yourself,yourself,932.94,933.45
come,come,933.94,934.1800000000001
back,back,934.190001,934.460001
in,in,934.459999,934.6899990000001
it's,it's,935.23,935.5
all,all,935.5,935.66
winning,winning,935.66,936.2199999999999
every,every,936.799999,937.289999
single,single,937.29,937.75
moment,moment,937.76,938.16
that,that,938.16,938.1899999999999
passes,passes,938.35,938.96
push,push,940.87,941.4
push,push,941.82,942.2800000000001
push,push,942.92,943.3199999999999
work,work,943.57,944.1
three,three,944.389999,944.869999
two,two,945.73,946.1700000000001
and,and,947.849999,948.0499990000001
one,one,948.05,948.3299999999999
and,and,949.52,949.67
march,march,949.679999,950.139999
this,this,952.73,952.87
is,is,952.869999,953.019999
real,real,953.02,953.27
stuff,stuff,953.27,953.6899999999999
this,this,954.42,954.5
is,is,954.5,954.56
the,the,954.61,954.71
real,real,954.71,954.94
star,star,954.94,955.2600000000001
big,big,958.01,958.2
breaths,breaths,958.2,958.49
if,if,960.63,960.82
i,i,960.82,960.9200000000001
were,were,960.92,961.0
where,where,961.0,961.2
you,you,961.2,961.46
are,are,961.46,961.61
right,right,961.61,961.87
now,now,961.87,962.24
and,and,962.76,962.89
i,i,962.889999,962.9499989999999
think,think,,
that,that,,
these,these,963.21,963.45
guys,guys,963.45,963.6500000000001
watching,watching,963.65,964.0699999999999
i'd,i'd,964.12,964.29
be,be,964.29,964.36
taking,taking,964.389999,964.709999
an,an,964.71,964.8000000000001
extra,extra,964.8,965.0899999999999
cheeky,cheeky,965.09,965.45
breaking,breaking,965.45,965.69
but,but,966.63,966.81
i'm,i'm,966.809999,966.889999
gonna,gonna,966.889999,967.059999
go,go,967.07,967.2800000000001
three,three,967.32,967.75
two,two,968.27,968.67
one,one,969.19,969.5100000000001
here,here,969.509999,969.639999
we,we,969.639999,969.749999
go,go,969.899999,969.919999
get,get,969.919999,969.989999
that,that,971.67,971.89
core,core,971.940001,972.2800010000001
strong,strong,972.32,972.69
engage,engage,974.08,974.88
we,we,976.73,976.9300000000001
got,got,976.93,977.14
it,it,977.14,977.29
we,we,978.69,978.9200000000001
can,can,978.92,979.26
perseverance,perseverance,982.17,983.23
resilience,resilience,983.68,984.88
desire,desire,,
they're,they're,986.69,986.9200000000001
the,the,986.92,987.03
things,things,987.03,987.3399999999999
that,that,987.339999,987.389999
matter,matter,987.849999,987.909999
health,health,989.469999,989.899999
is,is,990.629999,990.719999
in,in,990.719999,990.739999
the,the,990.91,991.01
mind,mind,991.03,991.5699999999999
more,more,992.09,992.51
than,than,992.51,992.64
in,in,992.64,992.76
the,the,992.76,992.86
body,body,992.86,993.35
your,your,993.85,994.1
strength,strength,994.1,994.71
and,and,994.8,995.0
your,your,995.85,996.01
character,character,996.01,996.42
in,in,998.61,998.71
your,your,998.71,998.9000000000001
heart,heart,998.9,999.35
if,if,999.349999,999.499999
you,you,999.599999,999.709999
like,like,999.71,999.95
in,in,999.95,1000.0500000000001
your,your,1000.05,1000.1999999999999
spirit,spirit,1000.2,1000.7
that's,that's,1002.24,1002.5
where,where,1002.509999,1002.729999
we,we,1002.73,1002.88
succeed,succeed,1002.88,1003.46
three,three,1004.42,1004.8399999999999
two,two,1005.78,1006.17
and,and,1007.25,1007.47
one,one,1007.469999,1007.879999
next,next,1012.45,1012.63
up,up,1012.63,1012.87
touch,touch,1013.64,1013.89
your,your,1013.93,1013.9899999999999
knee,knee,1013.99,1014.24
raises,raises,1014.67,1014.77
we,we,1015.5,1015.7
know,know,1015.7,1015.94
these,these,1015.99,1016.16
are,are,,
touch,touch,1016.29,1016.54
we,we,1017.49,1017.63
know,know,1017.63,1017.88
these,these,1017.88,1018.15
hurts,hurts,1018.15,1018.6
your,your,1019.27,1019.41
mind,mind,1019.429999,1019.749999
ready,ready,1019.75,1020.01
you,you,1020.78,1020.87
might,might,1020.87,1021.03
want,want,1021.03,1021.13
to,to,1021.13,1021.2
march,march,1021.21,1021.5
slow,slow,1021.5,1021.83
you,you,1022.4,1022.54
can,can,1022.54,1022.6899999999999
pop,pop,1022.69,1022.95
the,the,1022.95,1023.0300000000001
march,march,1023.03,1023.53
folks,folks,1024.299999,1024.579999
a,a,1024.58,1024.6599999999999
good,good,1024.66,1024.8600000000001
breeze,breeze,1025.8500000000001,1026.17
breathe,breathe,1027.3000000000002,1027.65
in,in,1028.46,1028.64
three,three,1028.64,1029.1200000000001
two,two,1030.02,1030.42
one,one,1031.26,1031.68
remember,remember,1031.88,1032.2700000000002
you,you,1032.27,1032.41
do,do,1032.41,1032.6000000000001
not,not,1032.6,1032.85
have,have,1032.85,1033.12
to,to,1033.12,1033.2399999999998
touch,touch,1033.24,1033.56
the,the,1033.56,1033.58
floor,floor,1033.96,1034.04
just,just,1034.05,1034.1
go,go,1034.82,1035.02
as,as,1035.02,1035.15
low,low,,
as,as,1035.389999,1035.5099989999999
you,you,1035.51,1035.64
can,can,1035.639999,1036.2599989999999
and,and,1037.169999,1037.239999
bring,bring,1037.3799989999998,1037.5399989999999
that,that,1037.5399989999999,1037.5699989999998
knee,knee,1037.74,1038.03
up,up,1038.75,1038.78
it's,it's,1038.78,1038.81
the,the,1039.13,1039.2700000000002
standing,standing,1039.34,1039.97
leg,leg,1039.969999,1040.249999
it,it,1040.45,1040.47
gets,gets,,
that,that,1041.2,1041.39
deep,deep,1041.41,1041.67
burn,burn,1041.679999,1042.0399989999999
you,you,1042.709999,1042.869999
know,know,1042.869999,1043.049999
what,what,1043.1999990000002,1043.269999
cool,cool,1043.269999,1043.599999
i,i,1044.159999,1044.2499990000001
call,call,,
that,that,,
change,change,1044.63,1045.15
juice,juice,1045.43,1045.5800000000002
it,it,1046.3200000000002,1046.47
hurts,hurts,1046.47,1046.6200000000001
yes,yes,1047.0400000000002,1047.5600000000002
it,it,1047.92,1048.15
burns,burns,1048.16,1048.5600000000002
yes,yes,1048.58,1048.9199999999998
but,but,1048.94,1049.13
there,there,1049.13,1049.42
it,it,1049.42,1049.48
is,is,1049.57,1049.79
flowing,flowing,1050.44,1050.77
through,through,1050.94,1051.19
your,your,1051.19,1051.39
body,body,1051.39,1051.73
and,and,1052.139999,1052.349999
changing,changing,1052.349999,1052.9799990000001
your,your,1052.98,1053.15
body,body,1053.15,1053.66
that's,that's,,
what,what,,
matters,matters,,
that's,that's,1055.52,1055.77
what,what,1055.77,1056.01
counts,counts,1056.01,1056.42
we,we,1057.0500000000002,1057.3000000000002
got,got,1057.3300000000002,1057.43
this,this,1059.47,1059.5
desire,desire,1059.5,1059.93
drive,drive,1060.76,1061.3000000000002
determination,determination,1062.2199990000001,1062.9999990000001
taking,taking,1063.45,1063.5600000000002
it,it,1063.85,1063.9699999999998
up,up,1063.97,1064.1100000000001
a,a,1064.13,1064.19
level,level,1064.19,1064.51
with,with,1064.76,1065.05
a,a,1065.05,1065.1299999999999
real,real,1065.13,1065.43
start,start,,
plus,plus,1065.73,1066.03
today,today,1068.66,1069.12
if,if,1069.1299999999999,1069.19
you're,you're,1069.19,1069.32
here,here,,
today,today,,
you're,you're,1069.68,1069.92
a,a,1069.92,1070.0
warrior,warrior,1070.0,1070.5
you're,you're,1070.98,1071.27
a,a,1071.27,1071.34
winner,winner,1071.34,1071.62
and,and,1072.11,1072.27
your,your,1072.27,1072.44
win,win,1072.44,1072.8200000000002
three,three,1072.83,1073.04
two,two,1073.04,1073.34
and,and,1074.5,1074.53
one,one,1074.7,1075.02
make,make,1075.87,1076.1799999999998
no,no,1076.179999,1076.389999
mistake,mistake,1076.58,1076.84
about,about,1076.849999,1077.119999
that,that,1077.17,1077.39
this,this,1079.25,1079.47
is,is,1079.469999,1079.609999
different,different,1079.939999,1080.049999
brady,brady,1080.049999,1080.469999
this,this,1081.4,1081.52
is,is,1081.55,1081.68
another,another,1081.68,1082.13
gear,gear,1082.13,1082.46
yet,yet,1083.17,1083.43
here,here,1083.43,1083.74
we,we,1083.74,1083.94
are,are,1083.94,1084.23
here,here,,
we,we,1084.46,1084.58
stand,stand,1084.58,1085.07
marching,marching,1085.59,1086.1
on,on,1086.1,1086.28
in,in,1086.87,1086.95
to,to,1086.95,1086.97
the,the,1087.14,1087.23
power,power,1087.23,1087.58
punches,punches,1087.58,1088.09
and,and,,
i,i,1088.09,1088.23
want,want,1088.25,1088.45
these,these,1088.47,1088.67
to,to,1088.71,1088.83
be,be,1088.84,1089.1399999999999
your,your,1089.4,1089.63
best,best,1089.63,1089.94
punches,punches,1090.09,1090.47
or,or,1090.5,1090.62
your,your,1090.62,1090.81
second,second,1090.809999,1091.179999
best,best,1091.19,1091.44
punches,punches,1091.44,1091.97
i,i,1092.21,1092.32
want,want,1092.32,1092.53
you,you,1092.53,1092.55
to,to,,
be,be,,
your,your,1092.91,1093.1000000000001
best,best,1093.21,1093.49
you,you,1093.94,1094.1100000000001
writing,writing,1094.11,1094.3999999999999
them,them,1094.4,1094.6000000000001
right,right,1094.599999,1094.839999
down,down,1094.849999,1095.089999
the,the,1095.089999,1095.199999
pipe,pipe,1095.21,1095.56
three,three,1095.91,1096.46
two,two,1096.949999,1097.209999
one,one,1097.809999,1098.169999
let's,let's,1098.36,1098.6
go,go,1098.6,1098.76
<unk>,<unk>,1098.91,1099.16
seconds,seconds,1099.19,1099.65
i,i,1100.18,1100.26
want,want,1100.26,1100.45
to,to,1100.45,1100.52
see,see,1100.52,1100.8799999999999
come,come,1101.07,1101.37
back,back,,
show,show,1101.85,1102.06
me,me,1102.06,1102.1699999999998
that,that,1102.17,1102.25
game,game,1102.49,1102.52
freak,freak,1102.52,1102.7
show,show,1103.02,1103.3
come,come,1103.65,1103.68
on,on,1106.5,1106.64
sister,sister,1107.1000000000001,1107.15
let's,let's,1107.15,1107.26
work,work,1107.26,1107.51
at,at,1107.51,1107.5700000000002
that,that,1107.5700000000002,1107.6000000000001
core,core,1107.77,1107.97
type,type,1108.04,1108.28
power,power,1108.57,1109.0
feeling,feeling,1109.219999,1109.5699989999998
that,that,1109.57,1109.87
come,come,1110.03,1110.22
on,on,1110.219999,1110.3299989999998
angie,angie,1110.33,1110.72
come,come,1110.889999,1111.119999
on,on,1111.12,1111.3799999999999
all,all,1111.53,1111.7
the,the,1111.7,1111.72
way,way,1111.719999,1112.0199989999999
out,out,1112.02,1112.16
now,now,1112.16,1112.4
all,all,1112.52,1112.72
the,the,1112.719999,1112.7599989999999
way,way,1112.759999,1112.869999
out,out,1112.87,1113.01
look,look,1113.03,1113.2
at,at,1113.2,1113.29
that,that,1113.29,1113.3899999999999
speed,speed,1113.429999,1113.879999
and,and,1114.109999,1114.339999
power,power,1114.34,1114.77
that's,that's,1115.0,1115.36
drive,drive,1115.369999,1115.889999
that's,that's,1116.209999,1116.489999
the,the,1116.52,1116.6399999999999
termination,termination,1116.64,1117.5
game,game,1118.05,1118.34
faces,faces,1118.34,1118.9499999999998
come,come,1119.12,1119.34
on,on,1119.34,1119.6899999999998
god,god,1119.96,1120.52
i,i,1120.83,1120.9499999999998
can't,can't,1120.95,1121.22
keep,keep,1121.22,1121.41
up,up,1121.41,1121.5500000000002
with,with,,
this,this,,
it's,it's,1121.69,1121.98
intense,intense,1122.6,1123.28
so,so,1123.72,1123.83
that's,that's,1123.83,1124.0
what,what,1124.0,1124.12
we're,we're,1124.12,1124.2399999999998
doing,doing,1124.24,1124.56
we're,we're,1124.88,1125.13
here,here,1125.13,1125.5900000000001
for,for,1125.87,1126.1799999999998
it,it,1126.179999,1126.2999989999998
we,we,1126.69,1126.92
came,came,1126.92,1127.2
here,here,1127.2,1127.52
we,we,1127.8,1127.96
got,got,,
to,to,1128.059999,1128.159999
put,put,1128.16,1128.3600000000001
it,it,1128.36,1128.3999999999999
in,in,1128.41,1128.73
personal,personal,1129.07,1129.6
best,best,1129.63,1129.88
personal,personal,1130.309999,1130.849999
best,best,1130.87,1131.04
effort,effort,1131.48,1131.52
come,come,1131.8999999999999,1132.1299999999999
on,on,1132.1299999999999,1132.62
all,all,,
the,the,1132.940001,1132.960001
way,way,1132.959999,1133.099999
out,out,1133.1,1133.48
all,all,1133.690001,1133.870001
the,the,1133.869999,1133.889999
way,way,1133.92,1134.0900000000001
out,out,1134.09,1134.31
the,the,1135.49,1135.67
enemy's,enemy's,1135.67,1135.97
come,come,1135.97,1136.18
in,in,1136.18,1136.28
three,three,1136.28,1136.68
two,two,1137.53,1137.77
one,one,1138.78,1139.18
that,that,1140.06,1140.5
is,is,1141.35,1141.48
what,what,1141.48,1141.67
i,i,1141.67,1141.76
call,call,1141.76,1142.12
an,an,1142.7199999999998,1142.85
intense,intense,1143.2099999999998,1143.7199999999998
session,session,1145.41,1145.8200000000002
regrets,regrets,1148.65,1149.0500000000002
see,see,1152.559999,1152.7299990000001
the,the,1152.82,1152.84
finish,finish,1152.84,1153.1699999999998
line,line,1153.17,1153.43
i,i,1153.96,1154.04
mean,mean,1154.04,1154.24
it's,it's,1154.24,1154.4
not,not,1154.4,1154.6000000000001
right,right,1154.6,1154.8799999999999
there,there,1155.6999999999998,1155.78
so,so,1155.78,1155.8
we're,we're,1155.97,1156.19
getting,getting,1156.19,1156.46
there,there,1156.46,1156.65
up,up,1157.63,1157.8300000000002
next,next,1157.83,1158.23
three,three,1158.25,1158.63
two,two,1159.25,1159.48
one,one,1160.13,1160.5400000000002
touching,touching,1162.139999,1162.519999
touching,touching,1162.929999,1163.329999
these,these,1163.33,1163.6499999999999
opposite,opposite,1163.95,1164.46
knee,knee,1164.46,1164.67
now,now,1164.67,1165.04
feeling,feeling,1165.81,1166.05
it,it,1166.219999,1166.349999
working,working,1167.24,1167.75
through,through,1167.759999,1168.1399990000002
i,i,1170.51,1170.66
am,am,1170.66,1170.78
so,so,1170.78,1171.06
dripping,dripping,1171.68,1172.3500000000001
feel,feel,1173.02,1173.25
like,like,1173.25,1173.43
i'm,i'm,1173.43,1173.5600000000002
standing,standing,1173.58,1174.09
under,under,1174.09,1174.4399999999998
i'm,i'm,1175.01,1175.23
niagara,niagara,1175.25,1175.81
falls,falls,1175.81,1176.49
hey,hey,1177.03,1177.49
gotta,gotta,1178.03,1178.29
keep,keep,1178.29,1178.54
going,going,1178.54,1178.74
core,core,1179.139999,1179.369999
strong,strong,1179.37,1179.78
desire,desire,1180.28,1180.76
now,now,1180.76,1181.18
push,push,1181.53,1182.09
push,push,1182.5,1182.99
dig,dig,1183.23,1183.58
come,come,1184.7,1184.92
on,on,1184.92,1185.02
you've,you've,1185.58,1185.77
got,got,1185.799999,1185.9999990000001
this,this,1186.0,1186.37
they're,they're,1187.199999,1187.459999
gonna,gonna,,
feel,feel,,
the,the,1188.029999,1188.1699990000002
waterfalls,waterfalls,1188.17,1189.49
of,of,1189.77,1189.98
progress,progress,1189.99,1190.79
watching,watching,1191.15,1191.5800000000002
over,over,1191.58,1191.8799999999999
us,us,1191.88,1192.38
<unk>,<unk>,1192.83,1193.35
stay,stay,1194.56,1194.94
with,with,1194.94,1195.15
it,it,1195.15,1195.3400000000001
dig,dig,1196.11,1196.6499999999999
three,three,1197.08,1197.61
two,two,1198.23,1198.77
and,and,1200.99,1201.02
one,one,1201.19,1201.56
and,and,1202.46,1202.6200000000001
march,march,1202.62,1203.25
there's,there's,1203.969999,1204.179999
not,not,1204.18,1204.3600000000001
much,much,1204.359999,1204.619999
in,in,1204.619999,1204.719999
the,the,1204.719999,1204.8299989999998
tank,tank,1204.83,1205.12
now,now,1205.1999999999998,1205.4199999999998
music,music,1209.4899999999998,1209.55
there's,there's,1209.55,1209.6399999999999
not,not,1209.6399999999999,1209.6699999999998
much,much,1209.77,1209.9799999999998
of,of,1209.9799999999998,1210.11
a,a,1210.11,1210.1699999999998
sec,sec,1210.1699999999998,1210.3
we,we,1211.9799999999998,1212.1399999999999
got,got,,
to,to,1212.31,1212.37
do,do,1212.41,1212.52
it,it,1212.52,1212.69
you've,you've,1213.5,1213.62
got,got,1213.62,1213.7299999999998
that,that,1213.73,1213.8700000000001
<unk>,<unk>,1214.87,1215.1399999999999
it's,it's,1215.139999,1215.229999
coming,coming,1215.23,1215.59
next,next,1215.59,1216.04
right,right,1216.41,1216.72
foot,foot,1216.719999,1216.939999
planted,planted,1216.95,1217.47
three,three,1217.49,1217.91
two,two,1218.53,1218.8700000000001
one,one,1219.3600000000001,1219.7900000000002
music,music,1228.37,1228.55
come,come,,
on,on,,
come,come,1229.77,1229.99
on,on,1229.99,1230.1
let's,let's,1230.11,1230.28
work,work,1230.28,1230.62
pig,pig,1232.02,1232.29
music,music,,
ah,ah,1235.78,1236.11
low,low,1245.3899999999999,1245.6899999999998
impact,impact,1245.6899999999998,1245.83
standing,standing,1247.03,1247.62
who,who,1248.1899999999998,1248.4099999999999
said,said,,
you,you,1248.7,1248.8
need,need,1248.8,1249.03
high,high,1249.03,1249.27
impact,impact,1249.27,1249.3899999999999
to,to,1250.07,1250.1799999999998
get,get,1250.179999,1250.349999
a,a,1250.349999,1250.419999
fantastic,fantastic,1250.42,1251.3500000000001
heart,heart,1251.75,1252.03
ramsey,ramsey,1252.059999,1252.549999
super,super,1252.98,1253.42
touch,touch,1253.42,1253.5500000000002
body,body,1254.37,1254.7299999999998
changing,changing,1254.73,1255.46
life,life,1255.889999,1256.329999
transforming,transforming,1256.33,1257.22
workout,workout,1257.219999,1257.739999
three,three,1257.75,1257.98
two,two,1257.98,1258.41
and,and,1259.049999,1259.259999
one,one,1259.26,1259.57
and,and,1260.6399999999999,1260.82
breathe,breathe,1260.82,1261.12
and,and,1262.18,1262.3600000000001
breathe,breathe,1262.36,1262.7199999999998
the,the,1263.74,1263.9
other,other,1263.9,1264.1000000000001
side,side,1264.1,1264.54
music,music,1273.79,1273.85
goodnight,goodnight,1273.849999,1274.0399989999999
three,three,1275.25,1275.6499999999999
two,two,1276.75,1277.07
and,and,1278.129999,1278.399999
one,one,1278.4,1278.65
let's,let's,1278.66,1278.8500000000001
go,go,1278.85,1279.01
the,the,1279.88,1280.0100000000002
active,active,1280.01,1280.33
<unk>,<unk>,1281.11,1281.31
and,and,1281.75,1281.92
making,making,1281.92,1282.3200000000002
this,this,1282.32,1282.83
level,level,1283.28,1283.55
<unk>,<unk>,1283.55,1283.6599999999999
work,work,1284.0199999999998,1284.3899999999999
out,out,1284.3899999999999,1284.82
the,the,1285.51,1285.68
official,official,1285.68,1286.23
rating,rating,1286.23,1286.77
is,is,1287.23,1287.46
<unk>,<unk>,1287.6100000000001,1288.0
i'm,i'm,1288.66,1288.68
going,going,1288.68,1288.72
to,to,1288.889999,1288.939999
tell,tell,1288.94,1289.1000000000001
you,you,1289.099999,1289.259999
now,now,1289.259999,1289.619999
that's,that's,1290.11,1290.4299999999998
the,the,1290.429999,1290.5399989999999
tricky,tricky,1290.54,1290.9099999999999
<unk>,<unk>,1290.91,1291.1100000000001
depressing,depressing,1291.19,1291.64
place,place,1291.639999,1292.099999
i'll,i'll,1292.52,1292.65
be,be,1292.65,1292.8000000000002
honest,honest,1292.799999,1292.9299990000002
i,i,1292.929999,1292.949999
kind,kind,1294.949999,1294.989999
of,of,1294.989999,1295.0399989999999
made,made,1295.0399989999999,1295.219999
comes,comes,,
with,with,,
a,a,1295.609999,1295.669999
little,little,1295.67,1295.8500000000001
white,white,,
light,light,,
getting,getting,,
you,you,,
in,in,,
cama,cama,,
<unk>,<unk>,1296.56,1296.57
it's,it's,1296.57,1296.8999999999999
gotta,gotta,1304.55,1304.7099999999998
be,be,1304.88,1305.0600000000002
then,then,1305.2400000000002,1305.3700000000001
you've,you've,1306.2200000000003,1306.2800000000002
got,got,,
to,to,,
find,find,1306.45,1306.8
it,it,1306.8,1306.8999999999999
from,from,1306.9,1307.0700000000002
somewhere,somewhere,1307.07,1307.6699999999998
this,this,1308.3,1308.53
is,is,1308.53,1308.72
no,no,1308.73,1309.02
longer,longer,1309.04,1309.42
physical,physical,1309.42,1309.97
understand,understand,1309.969999,1310.609999
that,that,1310.61,1310.86
your,your,1311.049999,1311.269999
body,body,1311.299999,1311.549999
wants,wants,1311.549999,1311.879999
to,to,1311.88,1312.0200000000002
give,give,1312.02,1312.21
up,up,1312.209999,1312.5599989999998
it,it,1313.27,1313.37
wants,wants,1313.379999,1313.819999
to,to,1313.83,1313.96
stop,stop,1313.959999,1314.479999
only,only,1315.07,1315.53
the,the,1315.55,1315.6599999999999
mind,mind,1315.66,1316.39
can,can,1316.75,1317.01
win,win,1317.01,1317.42
at,at,1317.78,1317.91
this,this,1317.92,1318.23
point,point,1318.23,1318.57
<unk>,<unk>,1318.58,1318.59
<unk>,<unk>,1318.6,1319.1699999999998
<unk>,<unk>,1319.6399999999999,1319.8799999999999
oh,oh,1322.889999,1323.319999
the,the,1326.15,1326.2800000000002
best,best,,
way,way,1326.599999,1326.799999
big,big,1326.91,1327.0700000000002
breaths,breaths,1327.07,1327.26
hot,hot,1328.19,1328.22
new,new,1328.22,1328.33
plants,plants,1328.33,1328.91
i'm,i'm,1329.429999,1329.579999
feeling,feeling,1329.58,1329.9099999999999
it,it,1329.91,1330.02
with,with,1330.02,1330.21
you,you,1330.209999,1330.2899989999999
buddy,buddy,1330.289999,1330.539999
i'm,i'm,1331.129999,1331.249999
feeling,feeling,1331.25,1331.57
the,the,1331.57,1331.6699999999998
pain,pain,1331.6699999999998,1332.07
we're,we're,1334.48,1334.69
all,all,1334.69,1334.8700000000001
there,there,1334.87,1335.1999999999998
it's,it's,1336.65,1336.93
good,good,1336.93,1337.18
pain,pain,1337.18,1337.47
i'm,i'm,1337.47,1337.58
glad,glad,1337.58,1337.83
you,you,1337.83,1337.97
think,think,1338.0,1338.19
that,that,1338.19,1338.3600000000001
way,way,1338.36,1338.6699999999998
i'm,i'm,1339.02,1339.17
not,not,1339.17,1339.3100000000002
so,so,1339.31,1339.37
sure,sure,1339.37,1339.6499999999999
right,right,1339.65,1339.88
now,now,1339.88,1340.0800000000002
three,three,1340.08,1340.51
two,two,1341.139999,1341.519999
one,one,1342.01,1342.36
here,here,1342.36,1342.4799999999998
we,we,1342.48,1342.6
go,go,1342.599999,1342.829999
hamstring,hamstring,1343.75,1344.18
punches,punches,1344.179999,1344.719999
and,and,,
we,we,1345.46,1345.54
lost,lost,1345.54,1345.77
my,my,1345.77,1345.8899999999999
bearings,bearings,1345.889999,1346.479999
nice,nice,1347.23,1347.53
and,and,1347.53,1347.6499999999999
strong,strong,1347.65,1347.94
core,core,1348.51,1348.78
tight,tight,1348.779999,1349.139999
we're,we're,1351.33,1351.52
actually,actually,1351.67,1351.92
switching,switching,1351.92,1352.6
out,out,1352.6,1352.8899999999999
the,the,1353.39,1353.5400000000002
last,last,1353.54,1353.98
exercise,exercise,1353.98,1355.03
which,which,1355.37,1355.54
was,was,1355.54,1355.67
<unk>,<unk>,1355.67,1355.77
before,before,1356.74,1357.35
because,because,1357.54,1357.59
i,i,1357.76,1357.82
want,want,1357.82,1357.98
to,to,1357.98,1358.04
keep,keep,1358.04,1358.29
the,the,1358.29,1358.3999999999999
energy,energy,1358.4,1358.75
high,high,1358.75,1359.16
and,and,1359.61,1359.75
i've,i've,1359.75,1359.86
got,got,1359.86,1360.0
a,a,1360.0,1360.08
little,little,1360.09,1360.4199999999998
treat,treat,1360.42,1360.8300000000002
for,for,1360.84,1361.12
you,you,1361.12,1361.34
it's,it's,1361.94,1362.1000000000001
called,called,1362.099999,1362.309999
run,run,1362.309999,1362.7299990000001
punch,punch,1363.24,1363.86
star,star,1364.139999,1364.7599989999999
is,is,1365.36,1365.52
<unk>,<unk>,1365.52,1365.91
seconds,seconds,1366.18,1366.9
of,of,1367.25,1367.45
each,each,1367.449999,1367.659999
of,of,1367.66,1367.8100000000002
them,them,1367.809999,1368.179999
back,back,1368.719999,1369.2899989999999
to,to,1369.56,1369.76
back,back,1369.8,1370.29
so,so,1370.7,1370.8400000000001
<unk>,<unk>,1370.84,1371.1599999999999
seconds,seconds,1371.17,1371.53
of,of,1371.53,1371.66
marching,marching,1371.66,1372.28
fast,fast,1373.02,1373.73
or,or,1373.79,1374.04
running,running,1374.04,1374.51
<unk>,<unk>,1375.02,1375.52
two,two,,
punches,punches,1375.58,1376.1599999999999
and,and,,
<unk>,<unk>,1376.809999,1377.109999
seconds,seconds,1377.12,1377.77
and,and,1379.34,1379.59
ease,ease,1379.59,1380.02
and,and,,
<unk>,<unk>,1380.94,1381.26
seconds,seconds,1381.27,1381.75
keep,keep,1381.75,1381.96
your,your,1381.98,1382.1100000000001
bodies,bodies,1382.11,1382.5
moving,moving,1382.5,1382.75
and,and,1383.589999,1383.7499990000001
<unk>,<unk>,1383.75,1384.26
seconds,seconds,1384.279999,1385.2199990000001
of,of,1385.440001,1385.630001
your,your,1385.629999,1385.849999
choice,choice,1385.85,1386.1499999999999
of,of,1386.15,1386.22
stars,stars,1386.3,1386.79
and,and,1387.47,1387.66
she's,she's,1387.66,1387.8300000000002
going,going,1387.83,1388.08
high,high,1388.08,1388.3
impact,impact,1388.3,1388.95
being,being,1389.42,1389.64
wide,wide,1389.64,1389.92
we're,we're,1389.92,1390.0600000000002
going,going,1390.06,1390.35
low,low,1390.35,1390.6
fast,fast,1391.54,1391.99
march,march,1391.99,1392.35
you'll,you'll,1392.35,1392.58
run,run,1392.58,1392.8799999999999
power,power,1393.48,1393.83
punches,punches,1393.83,1394.52
and,and,1394.57,1394.77
stars,stars,1394.8,1395.51
in,in,1396.38,1396.5700000000002
<unk>,<unk>,1397.02,1397.31
seconds,seconds,1397.36,1397.85
two,two,1397.849999,1398.319999
and,and,1399.429999,1399.659999
one,one,1399.66,1399.9
here,here,1399.9,1400.01
we,we,1400.009999,1400.119999
go,go,1400.829999,1400.849999
fast,fast,1400.849999,1401.019999
as,as,,
you,you,1401.19,1401.3700000000001
can,can,1401.37,1401.6699999999998
now,now,1401.679999,1401.969999
core,core,1402.389999,1402.659999
strong,strong,1402.66,1403.0900000000001
let's,let's,1404.64,1404.88
push,push,1404.9,1405.3700000000001
come,come,1405.81,1406.05
on,on,1406.05,1406.1699999999998
come,come,1406.87,1407.1
on,on,1407.1,1407.2099999999998
angie,angie,1407.21,1407.53
can't,can't,1410.15,1410.19
she's,she's,1410.19,1410.3400000000001
putting,putting,1410.34,1410.61
some,some,1410.61,1410.79
punches,punches,1410.79,1411.27
in,in,1411.27,1411.53
i,i,1411.86,1412.06
love,love,1412.059999,1412.379999
that,that,1412.38,1412.6200000000001
spirit,spirit,1412.63,1413.22
look,look,1413.52,1414.07
at,at,1414.36,1414.6699999999998
that,that,1415.12,1415.6399999999999
three,three,1416.09,1416.57
come,come,1417.09,1417.3
on,on,1417.299999,1417.409999
two,two,1418.04,1418.48
and,and,1419.839999,1420.189999
one,one,1420.190001,1420.600001
and,and,1420.859999,1420.979999
we're,we're,1420.98,1421.09
straight,straight,1421.09,1421.3799999999999
in,in,1421.389999,1421.719999
punches,punches,1422.02,1422.53
let's,let's,1422.53,1422.74
go,go,1422.74,1423.13
<unk>,<unk>,1423.54,1423.83
seconds,seconds,1423.84,1424.1599999999999
of,of,1424.16,1424.25
punches,punches,1424.25,1424.91
power,power,1425.24,1425.7
power,power,1426.25,1426.66
come,come,1427.02,1427.19
on,on,1427.3300000000002,1427.3500000000001
wait,wait,1427.3500000000001,1427.48
all,all,,
the,the,1428.09,1428.1599999999999
way,way,1428.17,1428.3600000000001
now,now,1428.36,1428.52
by,by,1428.52,1428.76
all,all,1429.25,1429.42
the,the,1429.42,1429.48
way,way,1429.48,1429.85
all,all,1430.33,1430.52
the,the,1430.52,1430.59
way,way,1430.59,1430.9199999999998
all,all,1431.4999999999998,1431.5199999999998
the,the,1431.5199999999998,1431.5399999999997
way,way,1431.5399999999997,1431.7199999999998
out,out,1431.7199999999998,1431.84
angie,angie,1431.84,1432.06
all,all,1432.06,1432.08
the,the,1432.74,1432.76
way,way,1432.82,1433.01
out,out,1433.01,1433.23
come,come,1433.259999,1433.4499990000002
on,on,1433.45,1433.5
come,come,1433.98,1434.19
on,on,1434.19,1434.24
wait,wait,1434.24,1434.4
focusing,focusing,1434.84,1435.34
focus,focus,1435.73,1436.09
it,it,1436.09,1436.22
three,three,1436.28,1436.6499999999999
two,two,1437.38,1437.74
pam,pam,1438.529999,1438.859999
one,one,1438.859999,1439.229999
and,and,1439.959999,1440.179999
stars,stars,1440.18,1440.6200000000001
let's,let's,1440.66,1440.8700000000001
go,go,1440.87,1441.26
<unk>,<unk>,1443.22,1443.52
seconds,seconds,1443.53,1443.93
of,of,1443.93,1444.0600000000002
stars,stars,1444.06,1444.6499999999999
how,how,1447.63,1447.7
we,we,1447.7,1447.8300000000002
can,can,1447.83,1448.01
see,see,1448.01,1448.18
the,the,1448.179999,1448.2899989999999
finish,finish,1448.29,1448.68
line,line,1448.679999,1449.109999
like,like,1451.49,1451.78
thoroughbred,thoroughbred,1451.8,1452.47
horses,horses,1452.469999,1453.209999
we,we,1453.48,1453.65
are,are,1453.65,1453.8300000000002
running,running,1453.83,1454.27
to,to,1454.27,1454.51
it,it,1454.509999,1454.7199990000001
that's,that's,1455.41,1455.63
how,how,1455.63,1455.8200000000002
we,we,1455.82,1456.0
feel,feel,,
that's,that's,1456.389999,1456.689999
who,who,1456.690001,1456.890001
we,we,1456.889999,1457.109999
are,are,1457.109999,1457.459999
three,three,1457.77,1458.42
two,two,1459.08,1459.6
and,and,1460.54,1460.77
one,one,1460.77,1461.1299999999999
and,and,1462.02,1462.18
march,march,1462.18,1462.74
oh,oh,1463.5,1463.97
i'm,i'm,1464.86,1465.04
really,really,1465.04,1465.23
sorry,sorry,1465.23,1465.46
about,about,1465.46,1465.66
this,this,1465.66,1465.8200000000002
guy's,guy's,1465.82,1466.1799999999998
we're,we're,1466.78,1466.91
doing,doing,1466.91,1467.1000000000001
it,it,1467.099999,1467.189999
again,again,1467.2,1467.5800000000002
so,so,1471.48,1471.6100000000001
i'm,i'm,1471.61,1471.78
changing,changing,1471.78,1472.28
the,the,1472.309999,1472.4399990000002
order,order,1472.44,1472.8400000000001
we're,we're,1473.219999,1473.359999
gonna,gonna,1473.36,1473.54
go,go,1473.549999,1473.7199990000001
runs,runs,1473.73,1474.33
stars,stars,1474.42,1475.3000000000002
and,and,1475.859999,1476.029999
then,then,1476.029999,1476.1599990000002
i,i,1476.16,1476.24
want,want,1476.26,1476.48
to,to,1476.48,1476.57
see,see,1476.59,1476.81
punches,punches,1476.83,1477.3799999999999
like,like,1477.38,1477.67
bruce,bruce,1477.67,1478.19
muhammad,muhammad,1478.47,1479.01
ali,ali,1479.08,1479.8999999999999
three,three,1480.35,1480.86
two,two,1481.65,1482.1200000000001
one,one,1482.65,1483.1100000000001
start,start,1483.52,1483.9
with,with,1483.9,1484.0300000000002
a,a,1484.03,1484.08
run,run,1484.08,1484.3899999999999
the,the,1484.8,1484.82
last,last,1484.83,1485.09
<unk>,<unk>,1485.09,1485.4599999999998
seconds,seconds,1485.469999,1485.869999
today,today,1485.87,1486.35
into,into,1486.719999,1487.099999
the,the,1487.099999,1487.219999
star,star,1487.23,1487.74
and,and,1488.28,1488.45
then,then,1488.45,1488.6200000000001
punch,punch,1488.65,1489.3200000000002
like,like,1489.679999,1490.069999
you,you,1490.07,1490.28
mean,mean,1490.299999,1490.629999
it,it,1490.63,1491.0100000000002
come,come,1491.48,1491.73
on,on,1491.73,1492.0
come,come,1493.449999,1493.739999
on,on,1493.8299989999998,1493.969999
let's,let's,1498.47,1498.69
work,work,1498.69,1499.17
three,three,1499.64,1500.1000000000001
two,two,1501.09,1501.59
one,one,1502.67,1503.13
stars,stars,1503.88,1503.97
let's,let's,1503.97,1504.0200000000002
go,go,1504.19,1504.5800000000002
stay,stay,1509.08,1509.37
with,with,1509.37,1509.53
it,it,1509.53,1509.69
desire,desire,1510.26,1510.83
drives,drives,1511.309999,1511.9699990000001
come,come,1512.52,1512.76
on,on,1512.76,1512.8799999999999
let's,let's,1512.879999,1513.079999
push,push,1513.1,1513.6399999999999
let's,let's,1514.01,1514.24
work,work,1514.26,1514.75
this,this,1515.33,1515.42
dig,dig,1515.59,1515.97
first,first,1519.26,1519.58
workout,workout,1519.58,1520.07
almost,almost,,
done,done,1520.51,1520.86
three,three,1520.9,1521.39
two,two,1522.04,1522.49
one,one,1523.179999,1523.649999
and,and,1523.95,1524.23
punch,punch,1524.23,1524.8
come,come,1525.53,1525.72
on,on,1525.719999,1525.8199989999998
i,i,1526.36,1526.4299999999998
want,want,1526.429999,1526.609999
to,to,1526.61,1526.6899999999998
see,see,1526.7,1526.8700000000001
the,the,1526.87,1527.02
very,very,1527.059999,1527.359999
most,most,1527.36,1527.62
powerful,powerful,1527.63,1528.14
punches,punches,1528.139999,1528.649999
you've,you've,1528.65,1528.77
got,got,1528.77,1528.84
that's,that's,1529.4499999999998,1529.49
it,it,1529.49,1529.51
won't,won't,1529.51,1529.55
come,come,1529.779999,1529.9299990000002
up,up,1529.93,1530.02
come,come,1530.32,1530.55
show,show,1530.83,1531.05
us,us,1531.05,1531.1299999999999
how,how,1531.13,1531.2600000000002
it's,it's,1531.27,1531.3899999999999
done,done,1531.39,1531.64
everybody's,everybody's,1531.91,1532.43
there,there,1532.43,1532.71
everybody's,everybody's,1532.96,1533.51
with,with,1533.51,1533.72
us,us,1533.72,1534.01
fight,fight,1534.22,1534.54
good,good,1535.62,1535.6899999999998
work,work,1535.69,1536.1200000000001
come,come,1536.19,1536.4
on,on,1536.4,1536.51
angie,angie,1536.51,1536.98
look,look,1537.29,1537.47
at,at,1537.47,1537.59
the,the,1537.59,1537.6799999999998
speed,speed,1537.68,1538.3700000000001
ha,ha,1538.559999,1538.9699990000001
work,work,1539.29,1539.62
through,through,1539.65,1539.89
now,now,1539.91,1540.1200000000001
come,come,1540.15,1540.3400000000001
on,on,1540.34,1540.57
drive,drive,1540.87,1541.57
desire,desire,1541.98,1542.6100000000001
push,push,1543.03,1543.54
dig,dig,1543.799999,1544.2199990000001
three,three,1544.5,1544.97
come,come,1545.28,1545.57
on,on,1545.57,1545.8
two,two,1545.799999,1546.319999
one,one,1547.419999,1547.7399990000001
come,come,1550.34,1550.4599999999998
on,on,1550.46,1550.8500000000001
great,great,1553.59,1553.8899999999999
job,job,1553.89,1554.17
angie,angie,1554.17,1554.75
great,great,1555.08,1555.3899999999999
job,job,1555.39,1555.8500000000001
first,first,1561.469999,1561.8399989999998
ever,ever,1561.84,1562.1699999999998
buddies,buddies,1562.54,1562.83
project,project,1562.849999,1563.199999
work,work,1563.2,1563.53
out,out,1563.53,1563.74
how,how,1563.77,1564.12
well,well,1564.119999,1564.7499990000001
did,did,1565.0,1565.21
these,these,1565.209999,1565.429999
guys,guys,1565.43,1565.73
do,do,1565.73,1566.1
it,it,1566.549999,1566.669999
is,is,1566.68,1566.8700000000001
like,like,1566.87,1567.12
we've,we've,1567.12,1567.27
all,all,1567.27,1567.36
been,been,1567.36,1567.56
in,in,1567.56,1567.6599999999999
the,the,1567.66,1567.75
shower,shower,1567.75,1568.27
right,right,1568.49,1568.81
yeah,yeah,1568.81,1568.96
let's,let's,1569.45,1569.67
get,get,1569.67,1569.88
stretched,stretched,1569.88,1570.2600000000002
off,off,1570.26,1570.61
what,what,1570.98,1571.22
a,a,1571.22,1571.27
fantastic,fantastic,1571.27,1572.27
effort,effort,1572.27,1572.62
keep,keep,1573.35,1573.6
marching,marching,1573.61,1574.2099999999998
keep,keep,1574.22,1574.44
moving,moving,1574.45,1575.1100000000001
little,little,1576.599999,1576.839999
side,side,1576.84,1577.23
steps,steps,1577.23,1577.67
now,now,1577.67,1578.13
that,that,1580.54,1580.8899999999999
is,is,1581.5,1581.65
what,what,1581.65,1581.8500000000001
i,i,1581.849999,1581.9799990000001
call,call,1581.98,1582.39
a,a,1583.67,1583.8000000000002
kick,kick,1583.799999,1584.089999
off,off,1584.09,1584.3
workout,workout,1584.299999,1584.9799990000001
i,i,1585.57,1585.8
just,just,1585.81,1586.09
figured,figured,1586.09,1586.57
if,if,1587.34,1587.47
you're,you're,1587.47,1587.56
gonna,gonna,1587.56,1587.75
be,be,1587.76,1587.98
here,here,1587.98,1588.23
of,of,1588.23,1588.33
filming,filming,1588.33,1588.82
we,we,1589.22,1589.38
might,might,1589.38,1589.5900000000001
as,as,1589.59,1589.6799999999998
well,well,1589.68,1589.8300000000002
go,go,1589.83,1590.02
in,in,1590.02,1590.1299999999999
at,at,1590.2499999999998,1590.27
the,the,1590.27,1590.29
deep,deep,1590.29,1590.53
end,end,1590.56,1590.77
right,right,1590.77,1591.01
we,we,1591.56,1591.74
might,might,1591.74,1591.98
as,as,1592.0,1592.16
well,well,1592.16,1592.45
just,just,1592.45,1592.69
go,go,1592.69,1592.97
in,in,1592.97,1593.17
and,and,1593.19,1593.22
get,get,1593.42,1593.63
it,it,1593.63,1593.74
done,done,1593.78,1594.05
how,how,1594.05,1594.33
does,does,1595.4099999999999,1595.59
it,it,1595.59,1595.61
feel,feel,1595.78,1596.04
now,now,1596.04,1596.28
how,how,1596.28,1596.46
good,good,1596.46,1596.66
do,do,1596.66,1596.73
you,you,1596.73,1596.96
feel,feel,1596.96,1597.3500000000001
having,having,1597.87,1598.1
done,done,1598.099999,1598.299999
that,that,1598.299999,1598.4799990000001
session,session,1598.48,1598.9
today,today,1598.9,1599.27
little,little,1600.279999,1600.4899990000001
open,open,1600.49,1600.73
up,up,1600.73,1600.84
at,at,,
the,the,1600.879999,1600.999999
arms,arms,1601.0,1601.41
we're,we're,1602.809999,1602.929999
gonna,gonna,1602.97,1603.08
start,start,1603.11,1603.51
our,our,1603.51,1603.58
stretch,stretch,1603.61,1603.9499999999998
we'll,we'll,1604.01,1604.04
just,just,1604.04,1604.08
let,let,1604.14,1604.3100000000002
that,that,1604.31,1604.47
heart,heart,1604.48,1604.83
rate,rate,1604.83,1605.07
come,come,1605.07,1605.32
down,down,1605.32,1605.6499999999999
it,it,1606.13,1606.24
takes,takes,1606.27,1606.55
a,a,1606.55,1606.6
little,little,1606.6,1606.82
while,while,1606.82,1607.3
and,and,1608.92,1609.16
stretch,stretch,1609.17,1609.6200000000001
out,out,1609.62,1609.8799999999999
right,right,1610.54,1610.77
leg,leg,1610.77,1610.93
first,first,1610.929999,1611.439999
with,with,1611.82,1612.01
the,the,1612.01,1612.11
quad,quad,1612.11,1612.52
core,core,1613.09,1613.3799999999999
tight,tight,1613.38,1613.99
nice,nice,1616.58,1616.82
deep,deep,1616.82,1617.0
breaths,breaths,1617.0,1617.42
and,and,1625.54,1625.77
then,then,1625.77,1625.85
change,change,1625.849999,1626.189999
over,over,1626.19,1626.22
to,to,1626.39,1626.5
the,the,1626.5,1626.63
other,other,1626.63,1626.8100000000002
side,side,1626.81,1627.1599999999999
music,music,1629.06,1629.12
breathe,breathe,1635.9399999999998,1636.1599999999999
in,in,1636.2099999999998,1636.31
deep,deep,1636.31,1636.34
i,i,1636.85,1636.9199999999998
am,am,1636.9199999999998,1637.0299999999997
honestly,honestly,1637.0299999999997,1637.37
still,still,1637.37,1637.62
struggling,struggling,1637.62,1637.8799999999999
to,to,1637.8799989999998,1637.8999989999998
get,get,1638.07,1638.26
my,my,,
breath,breath,1638.37,1638.61
back,back,1638.63,1638.8000000000002
that's,that's,1639.3100000000002,1639.5100000000002
how,how,1639.99,1640.13
it's,it's,1640.2800000000002,1640.3100000000002
feeling,feeling,1640.3100000000002,1640.7
like,like,1640.73,1640.8000000000002
a,a,1640.97,1640.98
nice,nice,1640.98,1641.21
stretch,stretch,1641.22,1641.65
through,through,1641.65,1641.8700000000001
the,the,1641.87,1641.9799999999998
quads,quads,1641.98,1642.49
low,low,1644.28,1644.61
impact,impact,1644.61,1645.24
i'll,i'll,1645.33,1645.5
say,say,1645.5,1645.77
again,again,1645.79,1646.2
all,all,1646.67,1646.99
standing,standing,1647.02,1647.91
that,that,1648.12,1648.57
was,was,1648.98,1649.58
a,a,1650.08,1650.22
body,body,1650.219999,1650.709999
changing,changing,1650.71,1651.44
change,change,1651.44,1652.03
juice,juice,1652.03,1652.3799999999999
filled,filled,1652.44,1652.72
workout,workout,1652.73,1652.98
core,core,1654.969999,1655.2599989999999
strong,strong,1655.26,1655.78
and,and,1657.48,1657.65
as,as,1657.65,1657.7900000000002
long,long,1657.83,1658.4099999999999
as,as,1658.45,1658.73
you're,you're,1658.73,1658.91
here,here,1658.91,1659.24
stretching,stretching,1659.24,1659.78
with,with,1659.78,1659.98
us,us,1659.98,1660.39
whether,whether,1660.49,1660.88
you,you,1660.88,1661.14
press,press,1661.15,1661.5400000000002
pause,pause,1661.59,1662.0
<unk>,<unk>,1662.04,1662.3
times,times,1662.69,1663.28
whether,whether,1663.31,1663.62
you,you,1663.62,1663.77
did,did,1663.77,1663.99
half,half,1664.13,1664.5300000000002
of,of,1664.53,1664.72
each,each,1664.72,1664.94
section,section,1664.94,1665.43
or,or,1665.71,1665.89
<unk>,<unk>,1665.969999,1666.2899989999999
percent,percent,1666.29,1666.67
of,of,1666.67,1666.8000000000002
each,each,1666.8,1667.01
section,section,1667.01,1667.36
it,it,1667.59,1667.78
doesn't,doesn't,1667.8,1668.2
matter,matter,1668.21,1668.77
because,because,1669.0,1669.17
you,you,1669.17,1669.29
can,can,1669.29,1669.48
come,come,1669.48,1669.71
back,back,1669.719999,1669.969999
tomorrow,tomorrow,1669.969999,1670.5399989999999
and,and,1670.77,1670.98
do,do,1670.98,1671.16
a,a,1671.16,1671.22
little,little,1671.219999,1671.439999
bit,bit,1671.44,1671.64
more,more,1671.639999,1672.019999
if,if,1672.41,1672.5800000000002
you,you,1672.58,1672.74
marched,marched,1672.75,1673.5
through,through,1673.76,1674.01
the,the,1674.01,1674.14
whole,whole,1674.139999,1674.399999
session,session,1674.4,1674.99
that's,that's,1675.32,1675.8799999999999
great,great,1675.88,1676.3100000000002
never,never,1676.69,1677.1100000000001
question,question,1677.26,1677.76
yourself,yourself,1677.76,1678.28
every,every,1678.45,1679.1000000000001
moment,moment,1679.1,1679.6399999999999
that,that,,
you,you,1679.76,1680.01
move,move,1680.02,1680.4
your,your,1680.4,1680.5900000000001
body,body,1680.59,1681.06
is,is,1681.3,1681.47
a,a,1681.47,1681.58
step,step,1681.62,1682.2099999999998
towards,towards,1682.48,1683.25
the,the,1683.48,1683.68
outcomes,outcomes,1683.719999,1684.359999
that,that,1684.57,1684.76
you,you,1684.76,1684.95
want,want,1684.96,1685.5
it's,it's,1686.07,1686.33
not,not,1686.349999,1686.649999
gonna,gonna,1686.66,1686.96
be,be,1686.99,1687.23
dramatic,dramatic,1687.24,1687.99
change,change,1688.29,1688.9099999999999
comes,comes,1688.95,1689.5800000000002
because,because,1689.79,1690.05
of,of,1690.049999,1690.1799990000002
consistent,consistent,1690.35,1691.2199999999998
decisions,decisions,1691.48,1692.19
and,and,1692.190001,1692.2900009999998
the,the,1692.32,1692.45
day,day,1692.45,1692.73
is,is,1692.73,1692.85
a,a,1692.85,1692.9499999999998
workout,workout,1692.95,1693.6000000000001
but,but,1693.87,1694.05
darling,darling,1694.32,1694.6
however,however,1695.52,1696.1399999999999
you,you,1696.14,1696.38
did,did,1696.38,1696.65
with,with,1696.65,1696.8200000000002
it,it,1696.82,1696.9199999999998
it,it,,
is,is,,
damn,damn,,
it,it,1697.87,1697.9299999999998
is,is,1698.01,1698.16
the,the,1698.16,1698.28
win,win,1698.29,1698.68
and,and,1698.92,1699.1000000000001
nobody,nobody,1699.1,1699.6
can,can,1699.6,1699.75
take,take,1699.79,1700.0
that,that,1700.0,1700.22
away,away,,
from,from,1700.47,1700.63
you,you,1700.63,1700.72
now,now,1700.75,1701.03
it's,it's,1701.41,1701.63
a,a,1701.63,1701.72
win,win,1701.719999,1702.149999
we've,we've,1702.2,1702.46
won,won,1702.48,1702.8600000000001
it's,it's,1703.15,1703.4
over,over,1703.4,1703.8300000000002
unless,unless,1704.46,1704.69
you're,you're,1704.69,1704.76
doing,doing,1704.759999,1704.9199990000002
another,another,1704.92,1705.22
workout,workout,1705.219999,1705.7699989999999
and,and,1706.059999,1706.169999
in,in,1706.17,1706.24
that,that,1706.24,1706.43
case,case,1706.82,1707.2
i,i,1707.58,1707.61
probably,probably,1707.61,1708.02
question,question,1708.02,1708.56
your,your,1708.559999,1708.7399990000001
sanity,sanity,1708.75,1709.37
but,but,1709.369999,1709.589999
that's,that's,1709.940001,1710.110001
lifting,lifting,1711.720001,1711.940001
up,up,1712.11,1712.34
above,above,1713.6,1714.05
i,i,1714.07,1714.3
am,am,1714.3,1714.47
certainly,certainly,1714.47,1714.89
done,done,1714.89,1715.1200000000001
for,for,1715.12,1715.27
the,the,1715.27,1715.3899999999999
day,day,1715.39,1715.75
that's,that's,1716.16,1716.42
<unk>,<unk>,1716.43,1717.36
and,and,1719.03,1719.19
let's,let's,1719.19,1719.24
enjoy,enjoy,1719.41,1720.03
a,a,1720.559999,1720.649999
nice,nice,1720.65,1720.88
hang,hang,1721.03,1721.3999999999999
over,over,1722.63,1723.0900000000001
as,as,1724.589999,1724.799999
we,we,1724.799999,1725.009999
say,say,1725.009999,1725.029999
<unk>,<unk>,1728.139999,1728.149999
enjoying,enjoying,1728.16,1729.2
and,and,1729.58,1729.84
relishing,relishing,1729.84,1730.6999999999998
of,of,1730.98,1731.2
victory,victory,1731.21,1732.0
and,and,1732.68,1732.93
our,our,1732.93,1733.16
own,own,1733.16,1733.5400000000002
brilliance,brilliance,1734.18,1735.05
what,what,1735.7,1735.98
a,a,1735.98,1736.04
great,great,1736.04,1736.37
session,session,1736.37,1736.9599999999998
excellent,excellent,1737.309999,1737.899999
job,job,1737.92,1738.29
excellent,excellent,1738.8,1739.26
job,job,1739.259999,1739.6999990000002
how,how,1741.41,1741.5400000000002
you,you,1741.54,1741.6399999999999
feeling,feeling,1741.639999,1741.929999
wait,wait,1741.929999,1742.159999
you're,you're,1742.799999,1742.9899990000001
feeling,feeling,1742.99,1743.28
good,good,1743.28,1743.76
how'd,how'd,1743.91,1744.0900000000001
it,it,1744.09,1744.1799999999998
go,go,1744.18,1744.3500000000001
for,for,1744.369999,1744.599999
you,you,1744.6,1744.7099999999998
angie,angie,1744.709999,1745.169999
music,music,1751.299999,1751.409999
