today's,today's,0.29,0.6599999999999999
workout,workout,0.66,1.17
is,is,1.19,1.39
a,a,1.56,1.6800000000000002
hundred,hundred,1.8,2.21
percent,percent,2.21,2.7199999999999998
low,low,2.96,3.26
impact,impact,3.26,3.82
it's,it's,4.07,4.3100000000000005
all,all,4.38,4.68
standing,standing,4.7,5.390000000000001
it's,it's,5.64,5.96
ideal,ideal,5.96,6.77
for,for,6.79,6.94
new,new,6.94,7.16
exercisers,exercisers,7.16,7.95
and,and,7.95,8.07
people,people,8.07,8.42
returning,returning,8.63,9.24
to,to,9.24,9.370000000000001
exercise,exercise,9.37,10.059999999999999
and,and,10.21,10.64
it,it,11.21,11.420000000000002
features,features,11.429999,12.109999
real,real,12.349999,12.949999
body,body,12.98,13.290000000000001
project,project,13.309999,13.629999
members,members,13.63,13.940000000000001
enjoy,enjoy,14.28,14.7
welcome,welcome,14.799999,15.389999
to,to,15.53,15.879999999999999
a,a,15.92,16.04
real,real,16.039999,16.619999
start,start,16.68,17.35
plus,plus,17.440001,17.860001
let's,let's,17.889999,18.079999
get,get,18.08,18.24
the,the,18.24,18.319999999999997
knees,knees,18.32,18.67
up,up,18.68,18.88
into,into,18.88,19.11
the,the,19.11,19.21
hands,hands,19.21,19.55
guys,guys,19.56,19.82
get,get,19.82,19.95
the,the,19.96,20.05
core,core,20.05,20.41
nice,nice,20.41,20.76
and,and,20.759999999999998,20.909999999999997
tight,tight,20.94,21.34
how,how,21.740000000000002,21.860000000000003
you,you,21.86,22.02
feeling,feeling,22.02,22.36
you,you,22.36,22.46
ready,ready,22.46,22.71
for,for,22.71,22.810000000000002
this,this,22.81,22.99
Wade,wade,22.990000000000002,23.3
you,you,23.77,23.95
ready,ready,23.95,24.259999999999998
Angie,angie,24.27,24.759999999999998
this,this,25.33,25.61
is,is,25.95,26.36
the,the,26.5,26.67
big,big,26.7,26.93
one,one,26.929999000000002,27.099999000000004
the,the,27.099999,27.209999
real,real,27.22,27.669999999999998
start,,,
plus,plus,28.15,28.459999999999997
workout,workout,28.46,28.990000000000002
today,today,28.990000000000002,29.3
and,and,29.34,29.49
we,we,29.490000000000002,29.64
have,have,29.65,29.919999999999998
Wade,wade,29.92,30.380000000000003
and,and,30.41,30.57
Angie,angie,30.58,31.09
Mullins,,,
with,with,31.53,31.73
us,us,31.73,31.98
and,and,34.65,34.83
they're,they're,34.83,34.96
here,here,34.959998999999996,35.36999899999999
to,to,35.6,35.72
show,show,35.719999,36.009999
you,you,36.010000000000005,36.60000000000001
how,how,36.84,37.17
it's,it's,37.17,37.39
done,done,37.39,37.6
I,,,
can't,,,
tell,tell,38.03,38.160000000000004
you,you,38.16,38.279999999999994
how,how,38.28,38.43
excited,,,
we,we,38.99,39.11
are,are,39.11,39.24
to,to,39.24,39.31
have,have,39.32,39.5
these,these,39.5,39.72
guys,guys,39.72,39.93
all,,,
the,the,40.12,40.22
way,way,40.22,40.48
over,over,40.49,40.64
from,from,40.65,40.89
Vermont,vermont,40.9,41.65
USA,usa,42.04,42.699999999999996
keep,keep,42.7,42.92
that,that,42.92,43.07
core,core,43.11,43.45
tight,tight,43.480000000000004,43.74
let's,let's,43.78,43.96
get,get,43.96,44.12
the,the,44.12,44.21
hamstrings,hamstrings,44.21,44.88
warm,warm,44.889999,45.179999
now,now,45.179999,45.529999000000004
little,little,45.78,46.09
dip,dip,46.099999,46.409999
and,and,47.09,47.36000000000001
breathe,breathe,47.36,47.769999999999996
the,the,48.75,48.91
real,real,48.92,49.190000000000005
Start,start,49.19,49.489999999999995
Plus,plus,49.54,49.85
plan,plan,49.849999,50.179998999999995
takes,takes,50.21,50.58
us,us,50.809999,51.059999
further,further,51.099999,51.639998999999996
than,than,51.79,51.93
the,the,51.929999,52.059999000000005
real,real,52.059999000000005,52.319999
start,start,52.33,52.71
plan,plan,52.709998999999996,53.169999
but,but,53.619999,53.649999
please,please,53.65,54.04
as,as,54.039999,54.199999
always,always,54.199999,54.689999
you,you,55.439999,55.459999
can,can,55.459999,55.489999
pause,pause,55.489999,55.789999
whenever,whenever,56.079999,56.259999
you,you,56.43,56.64
want,want,56.64,56.84
to,to,56.94,57.29
you,you,57.55,57.699999999999996
can,can,57.7,57.85
take,take,57.88,58.09
a,a,58.09,58.18000000000001
break,break,58.19,58.559999999999995
whenever,whenever,58.56,58.88
you,you,58.88,59.02
need,need,59.019999999999996,59.3
to,to,59.3,59.57
we,we,59.78,59.99
have,have,59.99,60.17
got,got,60.3,60.5
some,some,60.54,60.66
tough,tough,60.66,60.69
stuff,stuff,60.99,61.300000000000004
coming,coming,61.33,61.57
today,today,63.1,63.14
it's,it's,63.14,63.17
okay,okay,63.22,63.25
we,we,63.469999,63.639999
do,do,63.639999,63.779999000000004
it,it,63.78,63.88
our,our,63.889999,64.079999
way,way,64.08,64.31
hands,hands,64.309999,64.619999
out,out,64.62,64.78
in,in,64.8,64.91
front,front,64.91,65.28
core,core,65.28,65.54
tight,tight,65.53999999999999,66.02
and,and,66.33999999999999,66.53
we,we,66.53,66.66
open,open,66.66,66.92999999999999
up,up,66.92999999999999,67.02
breathe,breathe,67.78,68.41
breathe,breathe,68.99,69.50999999999999
Angie,angie,70.4,70.88000000000001
and,and,70.9,71.07000000000001
Wade,wade,71.07,71.44
have,have,71.440001,71.630001
both,both,71.65,72.09
lost,lost,72.26,72.84
60,<unk>,73.16,73.64999999999999
pounds,pounds,73.65,74.28
using,using,74.54,74.93
body,body,74.93,75.2
project,project,75.22,75.58
workouts,workouts,75.58,76.35
and,and,77.18,77.32000000000001
they're,,,
here,,,
to,to,77.75,77.84
show,show,77.84,78.2
us,us,78.2,78.58
how,how,79.11,79.28
it's,it's,79.42,79.51
done,done,79.51,79.85
real,real,79.95,80.18
people,people,80.18,80.7
real,real,81.17,81.49
workouts,workouts,81.49,82.32000000000001
real,real,82.65,83.26
results,results,83.719999,84.689999
breathe,breathe,85.23,85.72
today,,,
we're,we're,86.179999,86.289999
just,just,86.28999999999999,86.47
gonna,gonna,86.469999,86.619999
enjoy,enjoy,86.639999,87.089999
ourselves,ourselves,87.089999,87.969999
and,and,88.59,88.71000000000001
we're,we're,88.709999,88.80999899999999
gonna,gonna,88.809999,88.999999
dip,dip,89.699999,89.729999
and,and,89.729999,89.839999
reach,reach,89.839999,90.42999900000001
we're,we're,90.439999,90.459999
just,just,91.36,91.67999999999999
here,here,91.68,91.85000000000001
to,to,91.85,91.99
move,move,91.99,92.32
pause,pause,92.96,93.27999999999999
buttons,buttons,93.28,93.59
there,there,93.59,93.95
pause,pause,94.93,95.04
buttons,buttons,95.04,95.30000000000001
your,your,95.3,95.39999999999999
friend,friend,95.4,95.95
whenever,whenever,96.44,96.77
you,you,96.77,96.92999999999999
need,need,96.93,97.27000000000001
to,to,97.5,97.69
use,use,97.69,98.08
it,it,98.08,98.19
we've,we've,98.63,98.78
got,got,98.82,99.02
40,<unk>,99.63,99.64
seconds,seconds,99.639999,100.129999
on,on,100.13,100.44
and,and,101.05,101.23
20,<unk>,101.23,101.82000000000001
seconds,seconds,101.849999,102.33999899999999
off,off,102.49,102.78999999999999
with,with,103.469999,103.709999
active,active,103.86,104.46
marching,marching,104.46000000000001,105.19000000000001
recovery,recovery,105.58,106.34
that's,that's,106.98,107.43
a,a,107.43,107.52000000000001
challenge,challenge,107.52,108.28
but,but,108.74,108.85
you,you,108.86,109.07
guys,guys,109.07,109.32
have,,,
got,,,
to,to,109.57,109.61999999999999
pick,pick,109.62,109.89
your,your,109.89,110.1
place,place,110.1,110.52
in,in,110.52,110.67
there,there,110.67,110.77
doesn't,doesn't,112.19,112.46
mean,mean,112.46,112.71
you,you,112.71,112.82
have,have,112.82,113.02999999999999
to,to,113.03,113.12
do,do,113.12,113.28
the,the,113.28,113.39
whole,whole,113.39,113.63
thing,thing,113.67,114.0
I,i,114.11,114.24
just,just,114.27,114.64
want,want,114.64,114.89
you,you,114.89,114.95
to,to,114.95,115.09
finish,finish,115.09,115.73
with,with,116.03,116.3
us,us,116.3,116.66
enjoy,enjoy,116.71000000000001,117.26
moving,moving,117.26,117.60000000000001
your,your,117.599999,117.69999899999999
body,body,117.7,117.96000000000001
today,today,117.96000000000001,118.41000000000001
enjoy,enjoy,118.849999,119.359999
being,being,119.389999,119.749999
with,with,119.75,119.97
us,us,119.969999,120.559999
I,i,121.02,121.11
feel,feel,121.11,121.32
lucky,lucky,121.33,121.84
to,to,122.059999,122.20999900000001
be,be,122.20999900000001,122.42999900000001
here,here,122.42999900000001,122.729999
with,with,123.38,123.53
these,these,123.53,123.73
wonderful,wonderful,123.74,124.16
body,body,124.16,124.46
projectors,projectors,124.469999,125.089999
and,and,125.66,125.78999999999999
I,i,125.789999,125.829999
hope,hope,125.84,126.19
you,you,126.190001,126.380001
feel,feel,126.389999,126.849999
the,the,127.31,127.45
same,same,127.45,127.86
little,little,128.24,128.49
march,march,128.49,129.21
you,you,130.44,130.58
feeling,feeling,130.58,130.84
warm,warm,130.84,131.26000000000002
feeling,,,
ready,,,
for,for,132.72,132.83
this,this,132.83,133.19000000000003
you're,you're,133.99,134.15
feeling,feeling,134.15,134.4
warm,warm,134.4,134.63
already,already,134.63,135.13
we're,we're,135.59,135.8
gonna,gonna,135.8,136.01000000000002
start,start,136.02,136.72
with,with,137.2,137.41
a,,,
20,<unk>,137.54,137.97
second,second,137.99,138.4
march,march,138.429999,138.989999
we're,we're,139.03,139.18
kind,kind,139.179999,139.38999900000002
of,of,139.389999,139.479999
doing,doing,139.48,139.67
it,it,139.67,139.80999999999997
now,now,139.809999,140.179999
but,,,
I'm,,,
going,,,
to,to,140.75,140.82
officially,officially,140.82,141.35
start,start,141.349999,141.73999899999998
it,it,141.74,141.99
in,in,142.65,142.79
a,a,142.789999,142.849999
second,second,142.85,143.48
and,and,143.789999,143.879999
the,the,143.879999,143.959999
first,first,143.959999,144.32999900000002
exercise,exercise,144.32999999999998,145.05999999999997
is,,,
going,,,
to,,,
be,be,145.66,145.76
a,a,145.76,145.81
hooking,hooking,145.81,146.18
knee,knee,146.18,146.63
with,with,147.23,147.39
the,the,147.39,147.47
left,left,147.47,147.79
hand,hand,147.79,148.28
okay,okay,149.01,149.62
so,so,149.67,149.79
we're,we're,149.79,149.89
going,,,
to,,,
start,start,150.04,150.35
with,with,150.35,150.46
the,the,150.46,150.52
March,march,150.52,150.89000000000001
we're,we're,150.89,150.97
gonna,gonna,150.97,151.12
pick,pick,151.12,151.28
it,it,151.28,151.4
up,up,151.4,151.57
three,three,151.58,152.0
two,two,153.26,153.76
one,one,154.91,155.46
core,core,156.809999,157.129999
tight,tight,157.13,157.5
20,<unk>,157.509999,158.04999899999999
seconds,seconds,158.08,158.82000000000002
and,,,
we're,we're,159.36,159.38000000000002
gonna,gonna,159.38,159.64
move,move,159.74,160.17000000000002
straight,straight,160.190001,160.530001
into,into,160.529999,160.689999
that,that,160.690001,160.910001
hooking,hooking,160.91,161.22
knee,knee,161.23,161.57999999999998
breathe,breathe,162.52,163.04000000000002
breathe,breathe,164.24,164.73000000000002
breathe,breathe,165.92,166.29999999999998
I'm,i'm,166.58,166.65
gonna,gonna,166.65,166.8
count,count,166.8,167.06
us,us,167.06,167.08
down,down,167.18,167.47
into,into,167.47,167.74
it,it,167.74,167.87
enjoying,enjoying,168.33,168.72
that,that,168.72,168.92
march,march,169.07999999999998,169.51
and,and,170.66,170.72
coming,coming,170.72,171.01
forward,forward,171.01,171.37
in,in,173.02,173.21
three,three,173.38,173.82000000000002
two,two,173.83,173.85
one,one,176.839999,177.239999
with,with,177.25,177.56
me,me,177.559999,177.929999
hooking,hooking,178.02,178.4
knee,knee,178.4,178.71
there,there,178.709999,178.94999900000002
we,we,178.949999,179.08999899999998
go,go,182.20999899999998,182.22999899999996
so,so,182.22999899999996,182.24999899999997
keeping,keeping,182.24999899999997,182.31999899999997
nice,nice,182.49,182.83
and,and,182.83,182.86
strong,strong,182.97,183.33
you,you,183.34,183.5
can,can,183.55,183.92000000000002
have,have,183.93,184.17000000000002
weights,weights,184.17,184.5
with,with,184.5,184.73
you,you,184.73,184.98999999999998
like,like,185.28,185.63
Angie,angie,185.63,186.26
I'll,i'll,187.45,187.57999999999998
be,be,187.58,187.73000000000002
honest,honest,187.73,188.07999999999998
I,i,188.08,188.09
don't,don't,188.16,188.37
envy,envy,188.45,188.89
her,her,188.889999,189.229999
one,one,189.66,190.0
little,little,190.04,190.4
bit,bit,190.429999,190.709999
it's,it's,191.27,191.45000000000002
tough,tough,191.45,191.72
enough,enough,191.719999,192.039999
you,you,192.179999,192.339999
can,can,192.34,192.44
go,go,192.44,192.6
slow,slow,192.599999,193.079999
you,you,194.799999,194.90999900000003
can,can,194.91,194.99
go,go,194.99,195.15
fast,fast,195.23,195.72
it's,it's,196.24,196.35000000000002
your,your,196.35,196.62
pace,pace,196.619999,196.939999
let's,let's,197.9,198.13
dig,dig,198.129999,198.439999
let's,let's,199.279999,199.509999
work,work,199.5,199.97
be,be,200.71,200.86
strong,strong,200.86,201.23000000000002
nice,nice,201.78000000000003,202.01000000000002
deep,deep,203.46,203.56000000000003
breaths,breaths,203.99,204.32000000000002
engage,engage,205.26,206.12
work,work,208.79,209.07999999999998
through,through,209.08,209.3
you've,you've,209.3,209.43
got,got,209.45,209.63
that,that,209.639999,209.859999
water,water,209.86,210.42000000000002
you've,you've,210.63,210.84
got,got,210.84,211.04
that,that,211.04,211.29
towel,towel,211.29,211.7
at,at,211.7,211.79
any,any,211.86,212.19000000000003
time,time,212.24,212.53
you,you,212.53,212.66
can,can,212.66,212.84
go,go,212.839999,213.009999
to,to,213.009999,213.20999899999998
it,it,213.21,213.36
and,and,214.60000000000002,214.72000000000003
three,three,214.72000000000003,215.06
in,in,215.92000000000002,216.09
two,two,216.14000000000001,216.45000000000002
and,and,217.469999,217.639999
in,in,217.63,217.76
one,one,217.76,218.03
that,that,218.03,218.18
was,was,218.18,218.32
40,<unk>,218.35,218.60999999999999
seconds,seconds,218.64,219.07999999999998
of,of,219.08,219.27
work,work,219.27,219.8
breathe,breathe,220.55,221.21
breathe,breathe,222.21,222.67000000000002
get,get,222.73,222.89
that,that,222.89,223.04999999999998
energy,energy,223.07,223.5
back,back,223.5,223.81
in,in,223.81,224.09
focus,focus,225.32,225.79999999999998
good,good,225.83,226.03
crisp,crisp,226.03,226.79
movements,movements,226.98,227.84
good,good,228.13,228.35
form,form,228.349999,228.899999
it's,it's,229.549999,229.57999900000002
not,,,
about,about,229.69,229.96
keeping,keeping,229.96,230.32000000000002
up,up,230.32,230.53
it's,it's,230.53,230.64000000000001
about,about,230.639999,230.86999899999998
doing,doing,230.87,231.11
it,it,231.11,231.25
right,right,231.25,231.64
we're,we're,232.369999,232.439999
gonna,gonna,232.440001,232.600001
go,go,232.6,232.76
over,over,232.76,233.22
to,to,233.85,233.98999999999998
the,the,233.99,234.13
other,other,234.129999,234.339999
side,side,234.34,234.77
in,in,234.77,234.92000000000002
three,three,234.95,235.42999999999998
two,two,236.27,236.51000000000002
one,one,237.59,237.98
here,here,237.99,238.18
we,we,238.18,238.33
go,go,238.33,238.58
so,so,238.58,238.71
the,the,238.71,238.86
opposite,opposite,238.91,239.32
side,side,239.36,239.75
now,now,239.75,240.04
really,really,240.55,240.74
important,important,240.74,241.07000000000002
we,we,241.07,241.19
got,got,241.19,241.31
that,that,241.31,241.49
core,core,241.55,242.36
engaged,engaged,242.76,243.64999999999998
all,all,244.349999,244.599999
our,our,244.599999,244.73999899999998
impact,impact,244.74,245.44
everything,everything,247.96,248.48000000000002
we,we,248.48,248.60999999999999
do,do,248.61,248.89000000000001
here,here,249.78,249.81
we,we,250.13000000000002,250.31
will,will,250.31,250.4
start,start,250.57,250.98999999999998
is,is,251.09,251.27
one,one,251.279999,251.699999
low,low,251.940001,252.220001
impact,impact,252.32,252.75
and,and,253.13,253.32
two,two,253.32,253.57999999999998
standing,standing,253.58,254.18
so,so,254.69,254.81
you,you,254.81,254.92000000000002
could,could,254.92,254.98
be,be,255.01,255.14
confident,confident,255.14,255.76999999999998
that,that,256.54,256.71000000000004
you,you,256.72,256.92
can,can,256.92,257.07
be,be,257.07,257.27
involved,involved,257.27,257.65999999999997
and,and,257.66,257.69
work,work,258.64,259.01
out,out,259.01,259.1
the,the,259.27,259.38
whole,whole,259.38,259.79
way,way,259.79,260.19
through,through,260.57,260.94
that's,that's,262.29,262.49
different,different,262.49,262.72
than,than,262.719999,262.79999899999996
saying,saying,262.969999,263.24999899999995
you,you,263.259999,263.389999
have,have,263.389999,263.629999
to,to,263.63,263.77
do,do,263.77,264.03
every,every,264.03,264.33
single,single,264.33,264.71
moment,moment,264.73,265.20000000000005
but,but,265.75,265.87
you,you,265.88,266.04
can,can,266.04,266.35
be,be,266.349999,266.499999
doing,doing,266.5,266.79
it,it,266.79,266.90000000000003
with,with,266.9,267.09999999999997
us,us,267.099999,267.489999
feeling,feeling,270.809999,271.139999
this,this,271.14,271.33
now,now,271.38,271.67
already,already,272.04,272.71000000000004
three,three,273.08,273.56
two,two,274.39,274.88
one,one,275.76,276.2
I'm,i'm,276.31,276.47
loving,loving,276.47,276.89000000000004
this,this,276.89,277.37
feel,feel,278.139999,278.369999
the,the,278.37,278.5
energy,energy,278.5,278.84
from,from,278.84,279.01
these,these,279.01,279.27
guys,guys,279.27,279.79999999999995
deep,deep,281.099999,281.31999900000005
breaths,breaths,281.32,282.12
hydrate,hydrate,282.559999,283.179999
water,water,283.179999,283.799999
if,if,284.389999,284.579999
you,you,284.58,284.71
need,need,284.71,284.96999999999997
it,it,284.969999,285.17999899999995
looking,looking,286.43,286.5
good,good,286.5,286.71
their,their,286.73,286.91
way,way,286.91,287.24
the,the,287.309999,287.439999
next,next,287.440001,287.790001
exercise,exercise,287.789999,288.57999900000004
is,is,288.85,288.98
gonna,gonna,288.98,289.13
be,be,289.129999,289.229999
a,a,289.23,289.28000000000003
shoulder,shoulder,289.28,289.84
raise,raise,289.84,290.2
lunge,lunge,290.2,290.4
shoulder,shoulder,291.49,291.86
raise,raise,291.86,292.55
lunge,lunge,292.95,293.53999999999996
I,i,293.79,293.88
finally,finally,293.88,294.26
got,got,294.26,294.44
that,that,294.45,294.65
which,which,294.65,294.78999999999996
is,is,294.79,294.89000000000004
going,,,
to,,,
be,be,295.06,295.25
here,here,299.32,299.46
three,three,299.88,299.90999999999997
two,two,299.90999999999997,299.93
one,,,
here,,,
we,,,
go,,,
so,,,
the,the,300.809999,300.919999
pace,pace,300.92,301.26
is,is,301.34,301.53
high,high,301.53,301.9
you,you,302.62,302.72
can,can,303.23,303.31
go,go,303.99,304.18
slow,slow,304.18,304.7
or,or,305.5,305.62
you,you,305.62,305.77
can,,,
go,,,
fast,,,
it,it,310.39,310.55
is,is,310.55,310.74
called,called,310.74,311.18
real,real,311.49,311.82
Star,star,311.84,312.28999999999996
Plus,plus,312.43,312.74
in,in,313.5,313.62
case,case,313.62,313.87
you're,you're,313.87,314.0
already,already,314.0,314.26
a,a,314.26,314.31
little,little,314.309999,314.509999
bit,bit,314.51,314.63
upset,upset,314.66,315.06
with,with,315.059999,315.21999900000003
us,us,315.22,315.56
for,for,316.83,316.96999999999997
the,the,316.969999,317.089999
speed,speed,317.09,317.56
and,and,318.33,318.5
the,the,318.5,318.6
intensity,intensity,318.599999,319.13999900000005
but,but,320.08,320.19
this,this,320.19,320.31
is,is,320.309999,320.439999
about,about,320.44,320.74
taking,taking,320.74,321.06
your,your,321.059999,321.239999
body,body,321.24,321.52
on,on,321.52,321.65
that,that,321.65,321.84
bit,bit,321.839999,322.019999
further,further,322.059999,322.459999
feel,feel,323.32,323.62
good,good,323.619999,323.979999
wherever,wherever,324.299999,324.76999900000004
you,you,324.77,325.0
are,are,325.01,325.32
if,if,325.82,325.95
you,you,325.95,326.02
need,need,326.02,326.19
to,to,326.19,326.28
break,break,326.28,326.59999999999997
halfway,halfway,326.6,327.03000000000003
through,through,327.03,327.34
it's,it's,327.57,327.74
about,about,327.74,328.02
progress,progress,328.02,328.59
not,not,328.59,328.78
perfection,perfection,328.83,329.4
do,do,329.86,330.11
your,your,330.12,330.33
best,best,330.38,331.01
march,march,331.47,331.86
whenever,whenever,331.89,332.26
you,you,332.26,332.44
have,have,332.44,332.71999999999997
to,to,332.72,333.04
be,be,333.51,333.69
strong,strong,333.69,334.14
three,three,334.78,335.21999999999997
two,two,336.02,336.51
and,and,337.349999,337.69999900000005
one,one,337.7,338.08
and,and,339.13,339.29
a,a,339.29,339.36
nice,nice,339.36,339.71000000000004
march,march,339.71,340.34
next,next,342.779999,343.10999899999996
one,one,343.08,343.38
is,is,343.92,344.1
a,a,344.1,344.21000000000004
touch,touch,344.27,344.96
and,and,345.33,345.60999999999996
knee,knee,345.62,346.38
raise,raise,347.0,347.37
okay,okay,347.77,348.34
and,and,348.75,348.87
we're,we're,348.87,348.97
gonna,gonna,348.97,349.16
touch,touch,349.16,349.54
and,and,349.54,349.71000000000004
raise,raise,349.71,349.96
into,into,350.02,350.34
the,the,350.34,350.48999999999995
right,right,350.49,350.94
knee,knee,351.58,351.99
so,so,352.0,352.02
fast,fast,353.62,353.79999999999995
pace,pace,353.98,354.29
keep,keep,354.33,354.53
marching,marching,354.54,354.94
if,if,354.94,355.05
you,you,355.049999,355.14999900000004
have,have,355.15,355.42999999999995
to,to,355.429999,355.699999
three,three,356.4,356.95
two,two,357.9,358.19
one,one,359.199999,359.65999899999997
here,here,359.67,359.88
we,we,359.879999,360.019999
go,go,360.02,360.28
so,so,360.279999,360.469999
we,we,360.47,360.61
touch,touch,360.699999,361.239999
one,one,361.33,361.72999999999996
knee,knee,361.71,362.04999999999995
forty,forty,363.77,364.19
seconds,seconds,364.19,364.69
here,here,364.69,365.13
you're,you're,365.63,365.75
gonna,gonna,365.75,365.95
find,find,365.95,366.37
that,that,366.37,366.4
that,,,
build,build,366.85,367.24
up,up,367.24,367.47
is,is,368.349999,368.50999900000005
intense,intense,368.70999900000004,369.20999900000004
through,through,370.14999900000004,370.6699990000001
the,the,371.12999900000005,371.30999900000006
planted,,,
leg,leg,372.139999,372.449999
not,not,372.849999,373.039999
the,the,373.07,373.18
one,one,373.2,373.47999999999996
that,that,373.49,373.52
you're,you're,373.53,373.76
raising,raising,373.77,374.28
right,right,374.28,374.53
come,come,376.5,376.75
on,on,376.75,376.86
guys,guys,376.859999,377.20999900000004
let's,let's,378.24,378.48
work,work,378.48,378.79
this,this,378.94,379.0
it's,it's,380.2,380.28999999999996
about,about,380.29,380.59000000000003
desire,desire,380.59,381.2
the,the,381.87,382.0
physical,physical,382.0,382.47
body,body,382.47,382.8
can,can,382.8,382.97
do,do,382.97,383.19000000000005
so,so,383.19,383.39
much,much,383.44,383.92
it's,,,
in,in,384.55,384.68
the,the,384.68,384.77
mind,mind,384.77,385.21999999999997
about,about,386.04,386.25
determination,determination,386.25,387.16
that's,that's,387.63,387.84
what,what,387.84,387.98999999999995
gets,gets,387.99,388.17
you,you,388.17,388.3
through,through,388.3,388.66
the,the,389.53,389.66999999999996
moments,moments,389.67,390.41
I,i,391.0,391.05
know,know,391.049999,391.179999
you,you,391.179999,391.359999
can,can,391.36,391.83000000000004
I,i,392.83,392.9
know,know,392.91,393.24
you,you,393.24,393.45
will,will,393.45,393.82
in,in,394.559999,394.659999
three,three,394.73,395.19
two,two,396.02,396.32
and,and,397.35,397.57000000000005
one,one,397.57,397.90999999999997
and,and,398.99,399.2
breathe,breathe,399.2,399.59
get,get,402.25,402.46
that,that,402.46,402.62
water,water,402.62,403.21
use,use,403.78,404.02
that,that,404.02,404.28
towel,towel,404.28,405.02
if,if,405.429999,405.619999
you,you,405.62,405.72
need,need,405.719999,405.98999899999995
to,to,405.99,406.31
good,good,406.91,407.18
work,work,407.179999,407.379999
Wade,wade,407.41,407.88000000000005
loving,loving,408.429999,408.77999900000003
that,that,408.78,408.94
extra,extra,408.99,409.38
effort,effort,409.38,409.51
I,i,409.509999,409.519999
can,can,410.309999,410.459999
feel,feel,410.46,410.78
it,it,410.78,410.91999999999996
Angie,angie,411.63,412.23
and,and,412.940001,413.040001
them,them,413.039999,413.14999900000004
weights,weights,413.15,413.42999999999995
all,all,413.43,413.52
right,right,413.52,413.74
I,i,414.75,414.96
so,so,414.96,415.33
don't,don't,415.33,415.46
envy,envy,415.91,416.26000000000005
you,you,416.26,416.39
we,we,416.39,416.52
got,got,416.52,416.71
straight,straight,416.71,417.03999999999996
punches,punches,417.04,417.52000000000004
three,three,417.53,417.77
two,two,417.77,418.14
one,one,418.4,418.83
I,i,420.27,420.35999999999996
practiced,practiced,420.36,420.77000000000004
this,this,420.86,421.03000000000003
workout,workout,421.03,421.53
the,the,421.54,421.66
other,other,421.66,421.85
day,day,421.85,422.24
I've,i've,423.15000000000003,423.17
got,got,423.17,423.2
about,about,423.2,423.42
20,<unk>,423.73,424.05
seconds,seconds,424.07,424.48
in,in,424.48,424.59000000000003
with,with,424.59,424.71999999999997
weights,weights,424.719999,425.04999899999996
and,and,425.05,425.08
I,i,425.66999999999996,425.68
thought,thought,425.68,425.71
I'll,i'll,426.19,426.3
give,give,426.3,426.5
them,them,426.5,426.64
to,to,426.64,426.78999999999996
Angie,angie,426.78999999999996,427.14
I,i,428.43,428.63
don't,,,
think,,,
I,i,429.28,429.33
can,can,429.33,429.52
do,do,429.52,429.76
that,that,429.77,430.0
not,not,430.629999,430.729999
ready,ready,430.73,430.95000000000005
for,for,430.949999,431.069999
that,that,431.07,431.28
it's,it's,432.72999999999996,432.77
tough,tough,433.15,433.41999999999996
enough,enough,433.42,433.73
as,as,433.76,433.94
it,it,433.95,434.03
is,is,434.2,434.42999999999995
keep,keep,435.61999999999995,435.66999999999996
that,that,436.71,436.87
core,core,436.87,437.21
strong,strong,437.21,437.60999999999996
get,get,438.4,438.58
them,,,
punches,punches,438.73,439.15000000000003
out,out,439.15,439.32
powerfully,<unk>,439.33,439.95
your,your,440.99,441.23
best,best,441.4,441.56
punches,punches,441.559999,442.109999
punch,punch,443.07,443.38
someone,someone,443.38,443.8
as,as,444.36,444.56
always,always,444.559999,444.809999
at,at,444.809999,444.889999
body,body,444.889999,445.149999
project,project,445.16,445.66
you,you,445.88,446.01
can,can,446.009999,446.169999
punch,punch,446.17,446.43
anyone,anyone,446.429999,446.809999
you,you,446.809999,446.919999
like,like,446.92,447.34000000000003
except,except,447.91,448.22
Angie,angie,448.21999900000003,448.789999
me,me,449.190001,449.570001
or,or,449.91,450.08000000000004
Wade,wade,450.08,450.34999999999997
that's,that's,450.49,450.73
off,off,450.73,450.87
limits,limits,450.869999,451.58999900000003
as,as,452.91,452.93
much,much,452.93,453.12
as,as,453.12,453.23
you,you,453.23,453.33000000000004
might,might,453.33,453.53999999999996
want,want,453.54,453.71000000000004
to,to,453.87000000000006,453.96000000000004
three,three,454.11,454.48
two,two,455.38000000000005,455.51000000000005
and,and,456.93,457.05
one,one,457.05,457.68
march,march,459.26,459.63
it,it,459.63,459.8
out,out,459.8,460.16
deep,deep,462.639999,462.839999
breaths,breaths,462.849999,463.489999
deep,deep,464.34,464.59
breaths,breaths,464.589999,464.889999
feeling,feeling,466.190001,466.480001
good,good,466.48,466.99
we've,we've,469.1,469.29
got,,,
this,this,469.55,470.01
we've,we've,470.46,470.72999999999996
got,got,470.73,470.95000000000005
this,,,
it's,,,
the,,,
touch,touch,471.42,471.82
and,and,471.82,471.94
knee,knee,471.94,472.19
raise,raise,472.19,472.57
coming,coming,472.78,473.11999999999995
to,to,473.12,473.24
the,the,473.24,473.36
left,left,473.36,473.75
keep,keep,474.8,474.99
marching,marching,475.01,475.68
three,three,477.0,477.43
two,two,478.099999,478.549999
one,one,479.219999,479.719999
so,so,480.41,480.54
we,we,480.54,480.63
come,come,480.63,480.86
we,we,480.86,480.97
lift,lift,480.969999,481.15999899999997
the,the,481.16,481.29
left,left,481.29,481.71000000000004
knee,knee,481.71,481.96999999999997
now,now,481.969999,482.36999899999995
keep,keep,483.029999,483.339999
that,that,486.07,486.28
core,core,486.279999,486.519999
strong,strong,486.52,486.90999999999997
you,you,486.95,487.08
can,can,487.09,487.23999999999995
slow,slow,487.24,487.55
right,right,487.55,487.83
down,down,487.83,488.21999999999997
if,if,488.6,488.76000000000005
you,you,488.76,488.83
just,just,488.83,489.02
want,want,489.02,489.14
to,to,489.14,489.2
put,put,489.2,489.38
some,some,489.38,489.55
squats,squats,489.57,489.99
in,in,489.99,490.14
for,for,490.14,490.27
a,a,490.27,490.34999999999997
second,second,490.35,490.75
as,as,490.75,490.87
well,well,490.87,491.29
that's,that's,491.77,492.03999999999996
fine,fine,492.05,492.36
you,you,492.36,492.48
can,can,492.48,492.64000000000004
kind,kind,492.64,492.84999999999997
of,of,492.85,492.94
stand,stand,492.95,493.46999999999997
to,to,493.48,493.88
like,like,494.34,494.56
this,this,494.559999,495.059999
I,i,495.929999,496.02999900000003
might,might,496.03,496.2
have,have,496.2,496.28
lost,lost,496.28,496.53999999999996
everybody,everybody,496.54,496.96000000000004
there,there,496.96,497.26
but,but,498.28,498.38
it's,it's,498.38,498.42
important,important,498.42,498.71000000000004
to,to,498.71,498.75
show,show,498.75,498.94
you,you,498.94,499.05
some,some,499.049999,499.21999900000003
different,different,499.219999,499.709999
variations,variations,500.429999,501.609999
working,working,502.289999,502.809999
through,through,502.809999,503.019999
remember,remember,504.47,504.85
this,this,504.85,505.06
workout,workout,505.06,505.57
is,is,505.6,505.69
designed,designed,505.73,506.22
to,to,506.23,506.33000000000004
be,be,506.33,506.47999999999996
tough,tough,506.48,506.89000000000004
please,please,507.56,508.46
press,press,508.79,509.09000000000003
pause,pause,509.1,509.74
whenever,whenever,510.16,510.51000000000005
you,you,510.51,510.68
have,have,510.68,511.02
to,to,511.02,511.34999999999997
take,take,512.09,512.37
an,an,512.37,512.49
extra,extra,512.49,512.83
break,break,512.83,513.44
whenever,whenever,513.91,514.29
you,you,514.29,514.43
need,need,514.429999,514.7099989999999
to,to,514.74,515.07
and,and,516.759999,517.539999
march,march,517.94,518.33
and,and,519.08,519.36
breathe,breathe,519.36,519.63
fortunately,fortunately,522.699999,523.709999
we've,we've,524.239999,524.349999
got,got,524.349999,524.379999
a,a,524.55,524.63
little,little,524.63,524.87
bit,bit,524.87,525.01
of,of,525.01,525.12
time,time,525.12,525.49
off,off,525.49,525.63
cardio,cardio,525.64,526.18
now,now,526.18,526.5899999999999
that's,that's,527.43,527.6099999999999
the,the,527.61,527.69
good,good,527.69,527.87
news,news,527.87,528.33
the,the,529.03,529.13
bad,bad,529.13,529.39
news,news,529.39,529.64
is,is,529.64,530.08
we've,we've,530.52,530.6899999999999
got,got,530.69,530.8800000000001
some,some,530.88,531.08
more,more,531.08,531.51
tough,tough,531.51,531.84
work,work,531.84,532.4100000000001
on,on,532.77,532.9499999999999
the,the,532.95,533.0500000000001
legs,legs,533.05,533.64
with,with,534.0,534.18
some,some,534.179999,534.3299989999999
sidestep,<unk>,534.33,534.34
resistance,resistance,534.96,535.63
in,in,535.63,535.78
three,three,535.78,536.4
two,two,537.059999,537.3199989999999
and,and,538.369999,538.609999
one,one,538.609999,538.909999
let's,let's,538.91,539.05
step,step,539.059999,539.3599989999999
it,it,539.359999,539.469999
out,out,539.469999,539.6899990000001
now,now,539.690001,540.0300010000001
work,work,541.690001,541.830001
it,it,542.0,542.16
through,through,542.16,542.55
dig,dig,543.28,543.7099999999999
core,core,545.08,545.38
strong,strong,545.38,545.83
we,we,546.68,546.89
got,got,546.89,547.11
this,this,547.11,547.5600000000001
feel,feel,548.9300000000001,548.98
the,the,549.15,549.23
burn,burn,549.23,549.65
believe,believe,550.49,550.85
in,in,550.849999,550.959999
yourself,yourself,550.96,551.6800000000001
believe,believe,552.05,552.4499999999999
you,you,552.45,552.57
can,can,552.57,553.08
because,because,553.299999,553.629999
you,you,553.63,553.74
can,can,553.78,554.26
and,and,554.77,554.88
you,you,554.889999,555.059999
will,will,555.059999,555.539999
this,this,557.93,558.12
workout,workout,558.139999,558.809999
it's,it's,559.46,559.49
like,like,559.51,559.71
an,an,559.71,559.8100000000001
Everest,everest,559.82,560.5500000000001
you,you,560.97,561.12
got,got,561.12,561.23
to,to,561.79,561.8100000000001
keep,keep,561.98,562.01
stepping,stepping,562.01,562.16
up,up,562.16,562.54
keep,keep,562.96,563.1800000000001
working,working,563.2,563.73
on,on,563.73,563.94
its,its,563.95,564.01
here,here,566.45,566.83
to,to,566.83,567.0200000000001
find,find,567.03,567.42
the,the,567.42,567.53
place,place,567.53,567.92
that,that,567.92,567.9499999999999
you,you,568.03,568.3399999999999
can,can,568.46,568.57
get,get,568.57,568.8100000000001
to,to,568.809999,569.0699989999999
working,working,570.809999,571.3499989999999
through,through,571.349999,571.779999
three,three,573.46,573.94
two,two,574.92,575.4399999999999
and,and,576.369999,576.819999
one,one,576.9399990000001,577.3099990000001
and,and,577.629999,577.949999
march,march,578.6,579.03
it,it,579.03,579.18
out,out,579.18,579.4899999999999
good,good,580.5,580.58
work,work,580.58,580.85
there,there,580.85,580.99
Wade,wade,580.99,581.44
loving,loving,581.89,582.23
that,that,582.23,582.44
bud,bud,582.44,582.86
how,how,583.27,583.38
are,are,584.09,584.1
you,,,
going,,,
Angie,,,
good,good,584.55,585.01
Angie,angie,585.42,586.4599999999999
I've,i've,586.929999,587.029999
been,been,587.03,587.15
wanting,wanting,587.15,587.34
to,to,587.34,587.4300000000001
do,do,587.429999,587.639999
that,that,587.639999,587.869999
for,for,587.87,587.99
years,years,587.99,588.52
ANGIE,angie,588.809999,590.559999
right,right,591.4,591.98
I,i,592.34,592.39
don't,,,
think,,,
Angie,angie,592.75,593.02
likes,likes,593.02,593.28
me,me,593.279999,593.359999
as,as,593.359999,593.459999
much,much,593.459999,593.6599990000001
as,as,593.66,593.76
she,she,593.76,593.9
did,did,593.9,594.0699999999999
before,before,594.07,594.49
other,other,595.24,595.48
side,side,595.48,595.89
three,three,595.9,596.38
two,two,596.92,597.16
one,one,597.8,598.24
here,here,598.24,598.38
we,we,598.38,598.51
go,go,598.51,598.78
so,so,599.82,600.0500000000001
I,i,600.05,600.14
like,like,600.14,600.42
a,a,600.42,600.4699999999999
little,little,600.47,600.72
arm,arm,600.72,600.94
movement,movement,600.94,601.4200000000001
remember,remember,601.42,601.6899999999999
the,the,601.69,601.82
lower,lower,601.82,602.1500000000001
you,you,602.15,602.3
go,go,602.3,602.78
the,the,603.28,603.4
tougher,tougher,603.4,603.89
it,it,603.889999,603.9499989999999
is,is,603.98,604.5
if,if,604.91,605.02
you,you,605.05,605.17
feel,feel,605.17,605.4
a,a,605.4,605.47
twinge,<unk>,605.469999,605.839999
in,in,605.849999,605.959999
your,your,605.96,606.09
lower,lower,606.099999,606.409999
back,back,606.41,606.9599999999999
just,just,607.52,607.85
stop,stop,607.849999,608.129999
immediately,immediately,608.19,609.19
pushing,pushing,610.9,611.3199999999999
through,through,611.32,611.7700000000001
dig,dig,612.59,612.84
in,in,613.13,613.27
it,it,613.2800000000001,613.3000000000001
working,working,614.25,614.8
hard,hard,614.81,615.3499999999999
suck,suck,615.98,616.3000000000001
up,up,616.4,616.51
the,the,616.52,616.66
adrenaline,adrenaline,616.66,617.41
40,<unk>,617.84,618.1700000000001
seconds,seconds,618.2,618.5500000000001
of,of,618.55,618.6899999999999
work,work,618.69,619.2800000000001
keep,keep,620.45,620.6800000000001
working,working,620.679999,621.189999
keep,keep,621.23,621.46
going,going,621.46,621.86
dig,dig,625.53,625.91
dig,dig,626.54,626.9499999999999
dig,dig,627.41,627.92
come,come,629.029999,629.269999
on,on,629.27,629.52
we,we,629.859999,630.109999
can,can,630.14,630.6
ha,ha,630.93,631.91
we,we,632.35,632.62
will,will,632.62,633.05
we,we,634.14,634.37
got,got,634.37,634.6
this,this,634.6,635.0600000000001
three,three,636.09,636.5600000000001
two,two,637.85,638.39
one,one,639.54,640.12
and,and,640.44,640.71
march,march,640.88,640.92
keep,keep,640.92,640.96
marching,marching,640.96,641.02
I'm,i'm,641.19,641.3800000000001
gonna,gonna,645.9500000000002,646.0900000000001
take,take,646.0900000000001,646.3300000000002
a,a,646.51,646.52
little,little,646.52,646.8199999999999
breather,breather,647.5,647.92
to,to,647.92,648.3399999999999
it's,it's,649.0,649.19
ok,ok,649.19,649.7900000000001
take,take,650.32,650.5300000000001
your,your,650.53,650.67
time,time,650.73,651.24
don't,don't,651.64,651.89
rush,rush,651.89,652.51
the,the,653.92,654.02
clock,clock,654.02,654.29
keeps,keeps,654.29,654.5899999999999
ticking,ticking,654.59,655.1
doesn't,doesn't,655.44,655.73
mean,mean,655.73,655.94
you,you,655.94,656.1300000000001
have,have,656.139999,656.379999
to,to,656.38,656.65
three,three,657.559999,658.059999
two,two,658.67,659.13
one,one,659.73,660.16
we've,we've,660.16,660.3299999999999
got,got,660.33,660.58
hamstring,hamstring,660.639999,661.439999
punches,punches,661.44,661.97
now,now,661.98,662.29
so,so,662.63,662.82
the,the,662.9,663.04
opposite,opposite,663.099999,663.5499990000001
hamstring,hamstring,663.599999,664.479999
we,we,664.59,664.7
squeeze,squeeze,664.699999,665.199999
that,that,665.199999,665.3999990000001
muscle,muscle,665.4,665.98
between,between,666.33,666.82
the,the,667.4,667.55
knee,knee,667.55,667.8499999999999
and,and,667.85,668.0400000000001
the,the,668.32,668.47
bum,bum,668.47,668.77
it's,it's,668.77,668.92
called,called,668.92,669.12
the,the,669.12,669.2
hamstring,hamstring,669.2,669.87
and,and,670.2,670.3000000000001
we,we,670.3,670.4
throw,throw,670.4,670.75
a,a,670.75,670.82
punch,punch,670.82,671.25
out,out,671.25,671.62
you,you,672.14,672.26
can,can,672.26,672.38
put,put,672.38,672.55
a,a,672.55,672.5999999999999
little,little,672.6,672.86
dip,dip,672.91,673.02
in,in,673.12,673.26
there,there,673.26,673.52
as,as,673.52,673.65
well,well,673.66,674.04
if,if,674.73,674.9200000000001
you,you,674.92,675.0699999999999
want,want,675.08,675.2800000000001
to,to,675.44,675.74
be,be,676.57,676.7700000000001
strong,strong,676.77,677.3
be,be,678.19,678.4300000000001
focused,focused,678.429999,679.1999989999999
be,be,679.67,679.8299999999999
determined,determined,679.83,680.62
keep,keep,687.11,687.3000000000001
working,working,687.3,687.91
come,come,688.53,688.79
on,on,688.79,689.06
come,come,689.73,689.98
on,on,689.98,690.21
stay,stay,690.83,691.19
focused,focused,691.19,691.74
stay,stay,692.55,692.88
engaged,engaged,692.88,693.45
dig,dig,696.71,697.09
3,<unk>,697.09,697.1
2,<unk>,697.25,697.61
1,<unk>,698.88,699.13
I,i,702.049999,702.169999
hope,hope,702.17,702.4
you're,you're,702.4,702.52
enjoying,enjoying,702.529999,703.0899989999999
today's,today's,703.1,703.48
workout,workout,703.48,704.0600000000001
if,if,704.22,704.36
you'd,you'd,704.36,704.5500000000001
like,like,704.55,704.75
to,to,704.75,704.8
take,take,704.86,705.11
part,part,705.11,705.36
in,in,705.38,705.48
the,the,705.48,705.62
rest,rest,705.63,706.17
of,of,706.29,706.42
the,the,706.42,706.5
real,real,706.51,706.73
Start,start,706.74,707.04
Plus,plus,707.04,707.31
plan,plan,707.31,707.5999999999999
with,with,707.6,707.74
myself,myself,707.74,708.2
Angie,angie,708.25,708.62
and,and,708.62,708.75
Wade,wade,708.75,709.09
come,come,709.31,709.4899999999999
and,and,709.49,709.58
join,join,709.58,709.87
us,us,709.87,710.12
at,at,710.33,710.57
teen,teen,710.57,710.83
body,body,710.83,711.07
project,project,711.07,711.69
com,com,712.059999,712.269999
I,i,713.389999,713.439999
don't,don't,713.44,713.5500000000001
really,really,713.55,713.75
think,think,713.79,714.02
it's,it's,714.02,714.21
fair,fair,714.21,714.6700000000001
to,to,714.7,714.8100000000001
have,have,714.809999,715.039999
the,the,715.04,715.12
word,word,715.12,715.52
just,just,715.57,716.21
anywhere,anywhere,716.21,716.58
near,near,716.58,716.7900000000001
this,this,716.79,716.9699999999999
workout,workout,716.969999,717.5599990000001
to,to,718.09,718.22
be,be,718.219999,718.379999
honest,honest,718.379999,718.729999
but,but,718.73,718.95
it's,it's,719.940001,720.1800010000001
there,there,721.590001,721.6200010000001
it's,it's,721.6200010000001,721.6500010000001
there,there,721.82,722.2600000000001
loving,loving,722.83,723.2
the,the,723.2,723.3100000000001
energy,energy,723.31,723.6899999999999
guys,guys,723.69,724.0100000000001
next,next,724.01,724.34
up,up,724.34,724.49
we've,we've,724.51,724.66
got,got,724.66,724.6899999999999
oblique,oblique,724.85,725.41
crunches,crunches,725.45,726.1700000000001
it's,it's,726.35,726.52
gonna,gonna,726.52,726.6899999999999
be,be,726.69,726.83
two,two,726.83,727.12
crunches,crunches,727.12,727.73
on,on,728.02,728.24
each,each,728.24,728.4300000000001
side,side,728.429999,728.8399989999999
okay,okay,728.88,729.3
are,are,729.91,729.99
you,you,729.99,730.07
ready,ready,730.07,730.45
deep,deep,733.01,733.1400000000001
breathes,breathes,733.1500000000001,733.3100000000001
remember,remember,733.3100000000001,733.38
you,you,733.72,733.9200000000001
can,can,734.65,734.8199999999999
pump,pump,734.82,735.12
out,out,735.12,735.3100000000001
the,the,735.32,735.4100000000001
march,march,735.41,735.92
or,,,
you,you,736.59,736.6700000000001
can,can,736.67,736.8199999999999
just,just,736.82,736.99
walk,walk,736.99,737.2
it,it,737.199999,737.329999
out,out,737.33,737.6600000000001
both,both,738.119999,738.4399990000001
of,of,738.440001,738.570001
them,them,738.57,738.73
are,are,738.73,738.79
good,good,738.789999,739.0799989999999
we're,we're,739.61,739.83
winners,winners,739.83,740.34
we're,we're,740.38,740.6
winning,winning,740.6,741.0400000000001
this,this,741.35,741.65
is,is,741.65,741.67
the,the,741.67,741.79
halfway,halfway,741.79,742.31
mark,mark,742.31,742.7299999999999
three,three,743.07,743.73
two,two,744.42,744.87
one,one,745.24,745.92
here,here,745.92,746.05
we,we,746.05,746.18
go,go,746.179999,746.4599989999999
two,two,747.21,747.6800000000001
one,one,748.61,748.99
two,two,749.639999,750.009999
and,and,750.36,750.5
again,again,750.5,750.89
one,one,750.92,751.4399999999999
two,two,751.92,752.2199999999999
we,we,752.219999,752.369999
pause,pause,752.37,752.71
in,in,752.71,752.8000000000001
the,the,752.799999,752.889999
middle,middle,752.889999,753.259999
one,one,753.52,753.9499999999999
two,two,754.49,754.9
so,so,754.91,754.93
you're,you're,755.27,755.47
really,really,755.469999,755.699999
then,then,755.699999,755.9099990000001
get,get,755.91,756.0899999999999
that,that,756.09,756.25
action,action,756.289999,756.8499989999999
on,on,758.42,758.56
the,the,758.56,758.63
oblique,oblique,758.63,759.16
squeezing,squeezing,761.47,761.89
that,that,761.89,762.08
muscle,muscle,762.08,762.4300000000001
down,down,762.43,762.7199999999999
here,here,762.72,763.15
don't,don't,765.0699999999999,765.1
worry,worry,765.1,765.26
if,if,765.26,765.34
it,it,765.34,765.42
takes,takes,765.42,765.61
you,you,765.61,765.63
a,,,
second,second,765.8,766.1099999999999
to,to,766.11,766.17
get,get,766.17,766.36
it,it,766.36,766.39
keep,keep,769.97,770.0699999999999
working,working,770.24,770.5
through,through,770.5,770.89
one,one,770.99,771.27
two,two,775.16,775.26
one,one,775.26,775.3
two,,,
almost,almost,775.47,775.87
halfway,halfway,775.87,776.39
well,well,777.87,777.91
they,they,777.91,777.93
might,might,778.1,778.27
have,have,778.27,778.38
a,a,778.38,778.46
cheeky,cheeky,778.46,779.0500000000001
surprise,surprise,779.43,780.03
for,for,780.06,780.18
everybody,everybody,780.18,780.6999999999999
who,who,780.75,780.77
knows,knows,783.8,783.8299999999999
three,three,783.8299999999999,784.3
two,two,785.75,786.22
and,and,787.97,788.37
one,one,788.37,788.8299999999999
get,get,790.18,790.3499999999999
some,some,790.35,790.53
water,water,790.529999,790.869999
guys,guys,790.869999,791.239999
hydrate,hydrate,791.24,791.91
halfway,halfway,792.91,793.27
mark,mark,793.43,793.81
believe,believe,799.01,799.31
it,it,799.31,799.39
or,or,799.39,799.47
not,not,799.47,799.74
I,i,800.349999,800.4299990000001
have,have,800.429999,800.669999
designed,designed,800.679999,801.3499989999999
this,this,801.91,802.12
workout,workout,802.12,802.73
to,to,803.28,803.4399999999999
be,be,803.509999,804.009999
enjoyed,enjoyed,804.69,805.32
I,i,805.79,805.88
have,have,805.88,806.07
designed,designed,806.07,806.5200000000001
this,this,806.52,806.6899999999999
workout,workout,806.69,807.33
for,for,807.71,807.85
you,you,807.849999,808.019999
guys,guys,808.049999,808.519999
to,to,808.74,808.89
enjoy,enjoy,808.889999,809.339999
moving,moving,809.34,809.8100000000001
I,i,810.57,810.6400000000001
feel,feel,811.66,811.9
like,like,811.9,812.06
a,a,812.06,812.0999999999999
bit,bit,812.1,812.2900000000001
of,of,812.2900000000001,812.3100000000001
a,a,813.1400000000001,813.45
fibber,,,
feeling,feeling,814.75,815.02
that,that,815.02,815.12
adrenaline,adrenaline,815.15,815.81
working,working,815.81,816.2199999999999
through,through,816.22,816.53
now,now,816.53,816.6899999999999
though,though,816.69,816.86
yeah,yeah,816.86,817.29
you're,you're,817.85,817.91
feeling,feeling,817.91,818.1899999999999
good,good,818.19,818.48
this,this,818.92,819.0999999999999
second,second,819.11,819.52
half,half,819.53,819.85
we're,we're,819.849999,819.949999
gonna,gonna,819.95,820.12
put,put,820.12,820.33
in,in,820.33,820.5
even,even,820.73,821.09
more,more,821.09,821.36
than,than,821.36,821.4
the,the,821.4,821.43
first,first,821.59,821.9200000000001
half,half,822.07,822.3000000000001
we're,we're,822.639999,822.749999
gonna,gonna,822.75,822.95
really,really,822.95,823.1700000000001
show,show,823.17,823.5
how,how,824.009999,824.239999
we,we,824.24,824.42
can,can,824.42,824.5999999999999
do,do,824.599999,824.779999
it,it,824.78,824.93
how,how,824.929999,825.0999989999999
we,we,825.099999,825.249999
can,can,825.25,825.45
roll,roll,825.45,825.83
our,our,826.289999,826.619999
best,best,826.66,827.06
effort,effort,827.059999,827.189999
your,your,827.719999,828.0599990000001
personal,personal,828.5099990000001,828.8799990000001
best,best,829.29,829.7199999999999
effort,effort,830.1,830.24
not,,,
my,,,
best,,,
not,,,
Wade's,<unk>,830.48,831.8000000000001
best,best,831.84,832.19
not,not,832.25,832.42
Angie's,<unk>,832.42,832.8499999999999
best,best,832.87,833.28
your,your,833.49,833.94
best,best,833.98,834.34
effort,effort,834.34,834.87
is,is,835.1,835.3000000000001
what,,,
I,i,835.47,835.53
want,want,835.53,835.72
to,to,835.72,835.82
see,see,835.83,836.07
now,now,836.07,836.4200000000001
come,come,836.79,837.06
on,on,837.059999,837.1999989999999
we've,we've,837.48,837.73
got,got,837.73,837.95
this,this,837.95,838.2900000000001
we're,we're,838.53,838.65
gonna,gonna,838.65,838.8
move,move,838.8,838.9599999999999
back,back,838.99,839.1800000000001
into,into,839.179999,839.379999
the,the,839.38,839.47
hook,hook,839.469999,839.6699990000001
and,and,839.67,839.79
knees,knees,839.79,840.2099999999999
left,left,840.46,840.8100000000001
hand,hand,840.809999,841.0999989999999
first,first,841.099999,841.5599990000001
in,in,841.559999,841.649999
three,three,842.17,842.62
come,come,842.889999,843.189999
on,on,843.19,843.4300000000001
in,in,843.94,844.1700000000001
two,two,844.1700000000001,844.5300000000001
and,and,845.190001,845.5100010000001
one,one,845.51,845.79
let's,let's,845.799999,846.019999
go,go,846.02,846.25
now,now,846.25,846.57
come,come,846.6,846.87
on,on,846.88,847.04
let's,let's,847.05,847.27
dig,dig,847.33,847.7900000000001
ah,ah,848.29,848.5799999999999
breathe,breathe,849.21,849.5600000000001
it,it,849.59,849.8000000000001
through,through,849.81,850.3699999999999
work,work,850.81,851.31
it,it,851.31,851.52
through,through,851.53,852.1
core,core,852.31,852.6099999999999
strong,strong,852.61,853.09
we,we,855.29,855.5
got,got,855.5,855.71
it,it,855.71,855.85
we,we,856.38,856.6899999999999
got,got,856.69,856.9100000000001
it,it,856.91,857.23
come,come,857.469999,857.729999
on,on,857.73,857.83
come,come,858.34,858.58
on,on,858.58,858.7
come,come,859.219999,859.449999
on,on,859.45,859.48
big,big,861.349999,861.599999
effort,effort,861.599999,861.719999
big,big,862.359999,862.619999
effort,effort,862.619999,862.729999
that,that,863.27,863.52
pain,pain,863.52,864.04
you're,you're,864.190001,864.440001
stronger,stronger,864.459999,864.9399990000001
than,than,864.939999,865.1099989999999
the,the,865.109999,865.219999
pain,pain,865.22,865.6800000000001
you're,you're,866.71,866.89
stronger,stronger,866.89,867.43
than,than,867.78,867.9599999999999
the,the,867.96,868.07
pain,pain,868.07,868.5600000000001
you're,you're,868.95,869.13
stronger,stronger,869.13,869.64
than,than,869.64,869.79
anything,anything,869.79,870.38
you,you,870.64,870.79
can,can,870.79,870.92
do,do,870.92,871.15
this,this,871.15,871.64
come,come,871.91,872.17
on,on,872.17,872.27
work,work,873.33,873.64
through,through,873.65,874.01
change,change,874.4,874.6999999999999
your,your,874.7,874.7800000000001
body,body,874.78,875.24
change,change,875.84,875.95
your,your,876.12,876.2
life,life,876.2,876.7700000000001
everything's,everything's,877.16,877.67
coming,coming,877.67,877.9699999999999
for,for,877.969999,878.109999
you,you,878.11,878.25
now,now,878.28,878.63
this,this,879.46,879.63
starts,starts,879.639999,880.049999
right,right,880.07,880.38
now,now,880.379999,880.679999
it,it,880.690001,880.710001
starts,starts,881.08,881.5
with,with,881.5,881.55
the,the,881.57,881.6800000000001
next,next,881.68,881.9799999999999
punch,punch,881.99,882.48
it,it,882.719999,882.819999
starts,starts,882.82,883.1800000000001
with,with,883.18,883.3
the,the,883.299999,883.369999
next,next,883.37,883.67
knee,knee,883.67,884.01
three,three,884.44,884.87
two,two,885.73,886.15
and,and,886.93,887.3199999999999
one,one,887.32,887.8100000000001
channeling,channeling,892.5,892.99
it,it,892.99,893.01
up,,,
now,now,893.4,893.72
feeling,feeling,894.59,894.94
it,it,894.94,895.0500000000001
work,work,895.049999,895.4699989999999
big,big,899.809999,900.039999
energy,energy,900.039999,900.439999
big,big,901.27,901.47
drive,drive,901.48,901.82
big,big,902.57,902.7600000000001
desire,desire,902.76,903.25
three,three,903.32,903.6600000000001
two,two,904.59,904.99
one,one,905.96,906.3100000000001
come,come,906.32,906.5
on,on,906.5,906.61
let's,let's,907.32,907.5500000000001
do,do,907.55,907.77
this,this,907.77,908.14
we,we,908.82,909.0300000000001
can,can,909.03,909.1899999999999
keep,keep,916.24,916.42
breathing,breathing,916.42,916.6899999999999
keep,keep,916.690001,916.720001
that,that,917.590001,917.630001
core,core,917.799999,918.149999
strong,strong,918.15,918.54
every,every,919.02,919.3299999999999
punch,punch,919.3899999999999,919.8499999999999
every,every,920.4899999999999,920.7599999999999
moment,moment,920.7599999999999,921.0999999999999
every,every,923.68,923.92
single,single,924.0699999999999,924.3699999999999
second,second,925.52,926.03
matters,matters,926.48,927.03
if,if,927.49,927.63
you,you,927.63,927.7
need,need,927.7,927.88
to,to,927.88,927.98
pull,pull,927.98,928.24
up,up,928.24,928.45
to,to,928.8,928.92
come,come,928.929999,929.159999
back,back,929.17,929.42
and,and,929.889999,929.969999
love,love,929.969999,930.259999
that,that,930.259999,930.409999
take,take,931.049999,931.259999
a,a,931.259999,931.339999
few,few,931.4,931.55
seconds,seconds,931.549999,932.059999
gather,gather,932.65,932.9599999999999
yourself,yourself,932.96,933.44
come,come,933.95,934.2
back,back,934.209999,934.479999
in,in,934.48,934.71
it's,it's,935.25,935.52
all,all,935.52,935.68
winning,winning,935.68,936.2199999999999
every,every,936.809999,937.309999
single,single,937.309999,937.789999
moment,,,
that,,,
passes,,,
push,,,
push,,,
push,,,
work,,,
three,,,
two,,,
and,,,
one,,,
and,,,
march,march,937.78,937.89
this,this,951.149999,951.209999
is,is,951.21,951.23
tough,tough,951.4,951.64
stuff,stuff,951.639999,951.929999
this,this,952.75,952.89
is,is,952.889999,953.039999
real,real,953.039999,953.269999
stuff,stuff,953.27,953.35
this,this,954.41,954.52
is,is,954.52,954.62
the,the,954.629999,954.729999
real,real,954.73,954.96
start,start,957.71,957.76
big,big,958.03,958.22
breaths,breaths,958.22,958.51
if,if,960.64,960.84
I,i,960.84,960.95
were,were,960.95,961.0200000000001
where,where,961.02,961.22
you,you,961.22,961.48
are,are,961.48,961.63
right,right,961.63,961.89
now,now,961.89,962.27
and,and,962.78,962.92
I,i,962.92,962.9799999999999
didn't,didn't,962.98,963.15
have,have,963.15,963.27
these,these,963.27,963.47
guys,guys,963.469999,963.6699990000001
watching,watching,963.67,964.0899999999999
I'd,i'd,964.139999,964.309999
be,be,964.309999,964.379999
taking,taking,964.41,964.7199999999999
an,an,964.719999,964.819999
extra,extra,964.82,965.12
cheeky,cheeky,965.12,965.48
break,break,965.48,965.69
but,but,966.65,966.8299999999999
I'm,i'm,966.83,966.9100000000001
gonna,gonna,966.91,967.0699999999999
go,go,967.08,967.3000000000001
three,three,967.34,967.7900000000001
two,two,968.29,968.6999999999999
one,one,969.21,969.5300000000001
here,here,969.53,969.66
we,we,969.66,969.77
go,go,969.77,969.9499999999999
get,get,971.5,971.67
that,that,971.690001,971.9100010000001
core,core,971.949999,972.2999990000001
strong,strong,972.339999,972.699999
engage,engage,974.089999,974.8999990000001
we,we,976.89,976.9499999999999
got,got,976.95,977.1600000000001
it,it,977.16,977.31
we,we,978.71,978.94
can,can,978.94,979.2800000000001
perseverance,perseverance,982.33,983.2500000000001
resilience,resilience,983.7,984.82
desire,desire,985.54,986.02
they're,they're,986.71,986.94
the,the,986.94,987.0500000000001
things,things,987.049999,987.3599989999999
that,that,987.36,987.41
matter,matter,987.77,987.9399999999999
health,health,989.49,989.93
is,is,990.64,990.74
in,in,990.74,990.76
the,the,990.93,991.04
mind,mind,991.05,991.42
more,more,992.11,992.4599999999999
than,than,992.4599999999999,992.49
in,in,992.66,992.78
the,the,992.78,992.88
body,body,992.88,993.37
your,your,993.89,994.12
strength,strength,994.12,994.73
is,is,994.84,994.95
in,in,995.78,995.87
your,your,995.87,996.03
character,character,996.03,996.4499999999999
in,in,998.63,998.74
your,your,998.74,998.92
heart,heart,998.92,999.42
if,if,999.599999,999.639999
you,you,999.639999,999.729999
like,like,999.73,999.97
in,in,999.969999,1000.0599990000001
your,your,1000.059999,1000.2099989999999
spirit,spirit,1000.219999,1000.709999
that's,that's,1002.259999,1002.519999
where,where,1002.53,1002.75
we,we,1002.75,1002.9
succeed,succeed,1002.9,1003.49
three,three,1004.44,1004.85
two,two,1005.799999,1006.189999
and,and,1007.27,1007.49
one,one,1007.49,1007.9
we,we,1008.8,1008.91
march,march,1008.91,1009.48
next,next,1012.47,1012.65
up,up,1012.65,1012.88
touching,touching,1013.67,1013.99
knee,knee,1014.02,1014.26
raises,raises,1014.26,1014.83
we,we,1015.52,1015.71
know,know,1015.71,1015.97
these,these,1015.97,1016.24
are,are,1016.24,1016.3100000000001
tough,tough,1016.309999,1016.5699989999999
we,we,1017.51,1017.65
know,know,1017.65,1017.9
these,these,1017.9,1018.17
hurts,hurts,1018.17,1018.63
your,your,1019.27,1019.43
mind,mind,1019.45,1019.7700000000001
ready,ready,1019.77,1020.03
you,you,1020.799999,1020.889999
might,might,1020.889999,1021.049999
want,want,1021.049999,1021.149999
to,to,1021.15,1021.2099999999999
march,march,1021.219999,1021.519999
slow,slow,1021.52,1021.84
you,you,1022.42,1022.55
can,can,1022.549999,1022.7099989999999
pump,pump,1022.71,1022.97
the,the,1022.969999,1023.0499990000001
march,march,1023.049999,1023.559999
for,for,1024.109999,1024.199999
the,the,1024.57,1024.6699999999998
good,good,1024.67,1024.88
breathe,breathe,1025.8700000000001,1026.2
breathe,breathe,1027.3200000000002,1027.73
in,in,1028.51,1028.66
three,three,1028.66,1029.15
two,two,1030.04,1030.44
one,one,1031.28,1031.7
remember,remember,1031.83,1032.3
you,you,1032.3,1032.33
do,do,1032.43,1032.6200000000001
not,not,1032.62,1032.87
have,have,1032.87,1033.1499999999999
to,to,1033.15,1033.27
touch,touch,1033.27,1033.58
the,the,1033.58,1033.6999999999998
floor,floor,1033.71,1034.1100000000001
just,just,1034.58,1034.62
go,go,1034.84,1035.04
as,as,1035.04,1035.1599999999999
low,,,
as,as,1035.41,1035.53
you,you,1035.53,1035.66
can,can,1035.66,1036.27
and,and,1037.059999,1037.259999
bring,bring,1037.41,1037.6000000000001
that,that,1037.599999,1037.779999
knee,knee,1037.78,1038.05
up,up,1038.05,1038.1299999999999
it's,it's,1038.7399999999998,1038.79
the,the,1039.15,1039.2900000000002
standing,standing,1039.36,1039.99
leg,leg,1039.99,1040.27
that,that,1040.95,1041.02
gets,gets,1041.02,1041.2
that,that,1041.2,1041.41
deep,deep,1041.42,1041.69
burn,burn,1041.7,1042.06
you,you,1042.73,1042.88
know,know,1042.879999,1043.059999
what,what,1043.1899990000002,1043.259999
I,,,
call,,,
it,,,
I,i,1044.1999990000002,1044.269999
call,call,1044.269999,1044.359999
that,that,1044.4699990000001,1044.619999
change,change,1044.679999,1045.1899990000002
juice,juice,1045.1899990000002,1045.599999
it,it,1046.339999,1046.429999
hurts,hurts,1046.4699990000001,1046.649999
yes,yes,1047.059999,1047.579999
it,it,1047.94,1048.17
burns,burns,1048.18,1048.6200000000001
yes,yes,1048.62,1048.9499999999998
but,but,1048.96,1049.15
there,there,1049.15,1049.44
it,it,1049.44,1049.5
is,is,1049.59,1049.83
flowing,flowing,1050.42,1050.93
through,through,1050.93,1051.21
your,your,1051.21,1051.41
body,body,1051.41,1051.75
and,and,1052.16,1052.3700000000001
changing,changing,1052.37,1053.0
your,your,1053.0,1053.18
body,body,1053.179999,1053.5299989999999
that's,that's,1054.1199989999998,1054.2999989999998
what,what,1054.3599989999998,1054.5099989999999
matters,,,
that's,,,
what,what,1055.78,1056.03
counts,counts,1056.03,1056.43
we,we,1057.07,1057.31
got,got,1057.35,1057.4199999999998
this,this,1059.48,1059.51
desire,desire,1059.51,1059.94
drive,drive,1060.76,1061.31
determination,determination,1062.25,1063.02
taking,taking,1063.47,1063.58
it,it,1063.86,1063.99
up,up,1063.99,1064.14
a,a,1064.15,1064.21
level,level,1064.21,1064.52
with,with,1064.78,1065.07
a,a,1065.07,1065.1499999999999
real,real,1065.15,1065.44
start,,,
plus,plus,1065.75,1066.05
today,today,1068.21,1068.44
if,if,1068.66,1068.72
you're,you're,1069.33,1069.45
here,here,1069.45,1069.48
today,today,1069.48,1069.52
you're,you're,1069.69,1069.94
a,a,1069.94,1070.02
warrior,warrior,1070.02,1070.51
you're,you're,1070.99,1071.29
a,a,1071.29,1071.36
winner,winner,1071.36,1071.6299999999999
and,and,1072.12,1072.31
you're,you're,1072.309999,1072.4599990000002
win,win,1072.46,1072.83
three,three,1072.84,1073.06
two,two,1073.059999,1073.359999
and,and,1074.509999,1074.7299990000001
one,one,1074.73,1075.04
make,make,1075.889999,1076.199999
no,no,1076.2,1076.41
mistake,mistake,1076.599999,1076.859999
about,about,1076.87,1077.1399999999999
that,that,1077.19,1077.41
this,this,1079.27,1079.49
is,is,1079.49,1079.64
different,different,1080.0,1080.25
gravy,gravy,1080.25,1080.38
this,this,1081.3700000000001,1081.4
is,is,1081.57,1081.6899999999998
another,another,1081.69,1082.14
gear,gear,1082.2,1082.5
yet,yet,1083.19,1083.45
here,here,1083.45,1083.76
we,we,1083.76,1083.96
are,are,1083.96,1084.25
here,,,
we,we,1084.48,1084.6
stand,stand,1084.6,1085.11
marching,marching,1085.61,1086.12
on,on,1086.12,1086.28
in,in,1086.8999999999999,1086.92
to,to,1087.09,1087.1399999999999
the,the,1087.14,1087.25
power,power,1087.25,1087.6
punches,punches,1087.6,1088.11
and,,,
I,i,1088.11,1088.25
want,want,1088.27,1088.46
these,these,1088.49,1088.68
to,to,1088.73,1088.85
be,be,1088.86,1089.1599999999999
your,your,1089.44,1089.65
best,best,1089.65,1089.94
punches,punches,1090.099999,1090.519999
not,not,1090.52,1090.67
your,your,1090.67,1090.8300000000002
second,second,1090.83,1091.21
best,best,1091.219999,1091.449999
punches,punches,1091.48,1091.97
I,i,1092.24,1092.3600000000001
want,want,1092.3600000000001,1092.52
them,them,1092.52,1092.55
to,to,1092.55,1092.6200000000001
be,,,
your,your,1092.96,1093.1200000000001
best,best,1093.219999,1093.5499989999998
you,you,1093.96,1094.1100000000001
aim,,,
them,them,1094.429999,1094.619999
right,right,1094.62,1094.86
down,down,1094.87,1095.11
the,the,1095.11,1095.2099999999998
pipe,pipe,1095.21,1095.57
three,three,1095.9,1096.3300000000002
two,two,1096.969999,1097.229999
one,one,1097.83,1098.1899999999998
let's,let's,1098.38,1098.63
go,,,
40,<unk>,1098.91,1099.19
seconds,seconds,1099.21,1099.64
I,i,1099.64,1099.65
want,want,1100.28,1100.47
to,to,1100.47,1100.54
see,see,1100.54,1100.8999999999999
come,come,1101.08,1101.3899999999999
on,,,
Wade,,,
show,show,1101.85,1102.09
me,me,1102.09,1102.1599999999999
that,that,1102.7499999999998,1102.7799999999997
game,game,1102.7799999999997,1102.86
face,,,
show,show,1103.03,1103.3
me,me,1103.67,1103.69
show,show,1103.69,1103.8700000000001
me,me,1103.87,1103.9699999999998
come,,,
on,,,
come,come,1104.86,1105.0499999999997
on,on,1106.5799999999997,1106.6499999999999
let's,let's,1107.1399999999999,1107.2799999999997
go,,,
let's,,,
punch,,,
let's,,,
work,work,1107.2799999999997,1107.4799999999998
let's,,,
get,,,
that,,,
core,core,1107.78,1107.99
tight,tight,1108.059999,1108.379999
power,power,1108.559999,1109.009999
feeling,feeling,1109.24,1109.59
that,that,1109.59,1109.81
come,come,1110.05,1110.24
on,on,1110.24,1110.34
Angie,angie,1110.34,1110.74
come,come,1110.9,1111.14
on,on,1111.139999,1111.399999
all,all,1111.57,1111.75
the,,,
way,way,1111.77,1112.04
out,out,1112.04,1112.18
now,now,1112.179999,1112.429999
all,all,1112.54,1112.74
the,the,1112.74,1112.78
way,way,1112.78,1112.8899999999999
out,out,1112.889999,1113.049999
look,look,1113.059999,1113.2199990000001
at,at,1113.219999,1113.3099989999998
that,that,1113.309999,1113.389999
speed,speed,1113.45,1113.91
and,and,1114.119999,1114.359999
power,power,1114.359999,1114.799999
that's,that's,1115.02,1115.3899999999999
drive,drive,1115.389999,1115.899999
that's,that's,1116.23,1116.52
determination,determination,1116.52,1117.51
two,two,1117.82,1118.05
game,game,1118.07,1118.37
faces,faces,1118.37,1118.9699999999998
come,come,1119.15,1119.3700000000001
on,on,1119.37,1119.7099999999998
come,come,1119.99,1120.25
on,on,1120.25,1120.52
I,i,1120.85,1120.9699999999998
can't,can't,1120.97,1121.23
keep,keep,1121.23,1121.43
up,up,1121.43,1121.5700000000002
with,,,
this,,,
it's,it's,1121.71,1121.99
intense,intense,1122.63,1123.3000000000002
so,so,1123.74,1123.85
that's,that's,1123.85,1124.03
what,what,1124.03,1124.1399999999999
we're,we're,1124.139999,1124.2599989999999
doing,doing,1124.26,1124.58
we're,we're,1124.82,1125.1399999999999
here,here,1125.139999,1125.589999
for,for,1125.889999,1126.199999
it,it,1126.2,1126.3300000000002
we,we,1126.78,1126.93
came,came,1126.929999,1127.219999
here,here,1127.219999,1127.5399989999999
we,we,1127.83,1127.98
got,,,
to,to,1128.08,1128.1799999999998
put,put,1128.179999,1128.379999
it,it,1128.38,1128.42
in,in,1129.34,1129.36
personal,personal,1129.36,1129.62
best,best,1129.639999,1129.899999
personal,personal,1130.33,1130.87
best,best,1130.889999,1131.189999
effort,effort,1131.19,1131.55
come,come,1131.92,1132.15
on,on,1132.15,1132.2800000000002
all,,,
the,the,1132.940001,1132.960001
way,way,1132.959999,1133.119999
out,out,1133.119999,1133.489999
all,all,1133.719999,1133.889999
the,the,1133.889999,1133.909999
way,way,1133.940001,1134.110001
out,out,1134.109999,1134.329999
the,the,1135.509999,1135.689999
enemy's,enemy's,1135.689999,1135.819999
coming,coming,1135.99,1136.3
three,three,1136.3,1136.7
two,two,1137.55,1137.79
one,one,1138.8,1139.21
that,that,1140.07,1140.4299999999998
is,is,1141.36,1141.5
what,what,1141.5,1141.69
I,i,1141.69,1141.78
call,call,1141.78,1142.1399999999999
an,an,1142.74,1142.88
intense,intense,1142.88,1143.74
punching,punching,1144.21,1144.71
session,session,1145.3,1145.83
deep,deep,1148.74,1148.82
breathes,breathes,1149.6299999999999,1149.76
we,we,1150.7,1150.85
are,are,1150.85,1150.9199999999998
almost,almost,1150.9199999999998,1151.25
there,there,1151.25,1151.28
I,i,1151.31,1151.3799999999999
can,,,
see,see,1152.55,1152.75
the,the,1152.76,1152.85
finish,finish,1152.85,1153.1899999999998
line,line,1153.19,1153.45
I,i,1153.99,1154.06
mean,mean,1154.06,1154.27
it's,it's,1154.27,1154.42
not,not,1154.42,1154.63
right,right,1154.63,1154.9
there,there,1155.7,1155.7900000000002
but,but,1155.7900000000002,1155.8200000000002
we're,we're,1155.99,1156.21
getting,getting,1156.21,1156.48
there,there,1156.48,1156.67
up,up,1157.65,1157.8500000000001
next,next,1157.85,1158.1699999999998
three,three,1158.27,1158.67
two,two,1159.27,1159.67
one,one,1160.15,1160.5600000000002
touching,touching,1162.16,1162.5600000000002
touching,touching,1162.95,1163.3400000000001
knee,knee,1163.349999,1163.629999
opposite,opposite,1163.969999,1164.229999
knee,knee,1164.48,1164.69
now,now,1164.69,1165.05
feeling,feeling,1165.82,1166.07
it,it,1166.24,1166.38
working,working,1167.27,1167.74
through,through,1167.74,1168.15
I,i,1170.549999,1170.6799990000002
am,am,1170.68,1170.8
so,so,1170.8,1171.09
dripping,dripping,1171.7,1172.3700000000001
feel,feel,1173.04,1173.27
like,like,1173.27,1173.45
I'm,i'm,1173.45,1173.5800000000002
standing,standing,1173.6,1174.11
under,under,1174.11,1174.4499999999998
Niagara,niagara,1175.26,1175.84
Falls,falls,1175.84,1176.5
I,i,1177.12,1177.3899999999999
gotta,gotta,1178.05,1178.31
keep,keep,1178.309999,1178.559999
going,going,1178.559999,1178.7499990000001
core,core,1179.15,1179.39
strong,strong,1179.389999,1179.789999
desire,desire,1180.32,1180.78
now,now,1180.78,1181.16
push,push,1181.55,1182.11
push,push,1182.53,1183.01
dig,dig,1183.28,1183.6
come,come,1184.719999,1184.939999
on,on,1184.94,1185.04
you've,you've,1185.61,1185.81
got,got,1185.809999,1186.029999
this,this,1186.029999,1186.389999
they're,,,
gonna,gonna,1186.959999,1187.149999
feel,feel,1187.299999,1187.559999
the,the,1188.039999,1188.1999990000002
waterfalls,waterfalls,1188.23,1189.33
of,of,1189.81,1190.0
progress,progress,1190.01,1190.81
washing,washing,1191.16,1191.6000000000001
over,over,1191.6,1191.8999999999999
us,us,1191.9,1192.39
haha,<unk>,1192.82,1193.37
stay,stay,1194.56,1194.96
with,with,1194.96,1195.1100000000001
it,it,1195.11,1195.1799999999998
dig,dig,1196.1299999999999,1196.6499999999999
three,three,1197.179999,1197.639999
two,two,1198.23,1198.8
and,and,1201.04,1201.22
one,one,1201.219999,1201.5699989999998
and,and,1202.469999,1202.639999
march,march,1202.639999,1203.279999
there's,there's,1203.969999,1204.199999
not,not,1204.199999,1204.379999
much,much,1204.379999,1204.629999
in,in,1204.629999,1204.739999
the,the,1204.74,1204.85
tank,tank,1204.85,1205.1399999999999
now,now,1205.1899999999998,1205.4299999999998
there's,there's,1209.4699999999998,1209.6599999999999
not,not,1209.6599999999999,1209.77
much,much,1209.79,1210.0099999999998
in,in,1210.0099999999998,1210.1299999999999
the,the,1210.1299999999999,1210.1599999999999
tank,tank,1210.1599999999999,1210.37
but,,,
we,,,
got,,,
to,to,1212.33,1212.4099999999999
do,do,1212.41,1212.5400000000002
it,it,1212.54,1212.69
you've,you've,1213.51,1213.64
got,got,1213.64,1213.75
that,that,1213.75,1213.89
sidestep,<unk>,1213.89,1214.38
it's,it's,1215.15,1215.25
coming,coming,1215.25,1215.61
next,next,1215.61,1216.07
right,right,1216.44,1216.72
foot,foot,1216.74,1216.96
planted,planted,1216.969999,1217.489999
three,three,1217.509999,1217.9299990000002
two,two,1218.469999,1218.859999
one,one,1219.38,1219.8400000000001
that's,that's,1221.6000000000001,1221.7
a,a,1221.7,1221.7900000000002
deep,deep,1221.7900000000002,1221.8500000000001
burn,burn,1228.59,1228.9199999999998
come,,,
on,,,
come,,,
on,,,
come,come,1229.33,1229.4599999999998
on,on,1229.8899999999999,1230.1399999999999
let's,let's,1230.1499999999999,1230.3
work,work,1230.3,1230.6499999999999
dig,dig,1232.0,1232.32
ah,ah,1241.709999,1242.079999
low,low,1245.4099999999999,1245.71
impact,impact,1245.709999,1245.839999
standing,standing,1247.22,1247.64
who,who,1248.22,1248.44
said,said,1248.44,1248.71
you,you,1248.71,1248.83
need,need,1248.83,1249.05
high,high,1249.05,1249.26
impact,impact,1249.41,1249.6299999999999
to,to,1250.09,1250.1999999999998
get,get,1250.2,1250.3700000000001
a,a,1250.37,1250.4299999999998
fantastic,fantastic,1250.429999,1251.369999
heart,heart,1251.77,1252.1
raising,raising,1252.099999,1252.579999
super,super,1252.969999,1253.439999
tough,tough,1253.44,1253.8200000000002
body,body,1254.38,1254.7600000000002
changing,changing,1254.759999,1255.4599990000002
life,life,1255.88,1256.3500000000001
transforming,transforming,1256.349999,1257.2499990000001
workout,workout,1257.25,1257.76
three,three,1257.77,1258.0
two,two,1258.0,1258.41
and,and,1259.07,1259.28
one,one,1259.279999,1259.589999
and,and,1260.669999,1260.839999
breathe,breathe,1260.839999,1261.149999
and,and,1262.2,1262.38
breathe,breathe,1262.38,1262.73
the,the,1263.76,1263.92
other,other,1263.92,1264.1200000000001
side,side,1264.12,1264.56
the,the,1265.46,1265.6000000000001
other,other,1265.6,1265.81
side,side,1265.81,1266.1399999999999
come,come,1271.7299999999998,1271.9599999999998
on,on,1272.28,1272.3999999999999
left,left,1273.6299999999999,1273.84
foot,foot,1273.84,1274.0099999999998
planted,planted,1274.0099999999998,1274.1
three,three,1275.099999,1275.649999
two,two,1276.77,1277.09
and,and,1278.119999,1278.409999
one,one,1278.42,1278.67
let's,let's,1278.68,1278.8700000000001
go,go,1278.87,1279.02
the,the,1279.9,1280.0300000000002
active,active,1280.03,1280.34
recoveries,<unk>,1280.34,1280.35
are,are,1281.84,1281.86
making,making,1281.86,1282.34
this,this,1282.34,1282.85
level,level,1283.3,1283.57
4,<unk>,1283.57,1283.6799999999998
work,work,1284.0399999999997,1284.4199999999998
out,out,1284.4199999999998,1284.81
the,the,1285.52,1285.7
official,official,1285.7,1286.25
rating,rating,1286.25,1286.78
is,is,1287.26,1287.47
3,<unk>,1288.03,1288.04
I'm,i'm,1288.7,1288.81
going,going,1288.809999,1288.899999
to,to,1288.9,1288.95
tell,tell,1288.95,1289.1200000000001
you,you,1289.12,1289.28
now,now,1289.28,1289.6299999999999
that's,that's,1290.099999,1290.449999
the,the,1290.45,1290.56
trick,trick,1290.559999,1290.879999
into,into,1291.07,1291.11
you,you,1291.11,1291.1299999999999
pressing,pressing,1291.13,1291.65
play,play,1291.69,1291.97
I'll,i'll,1292.54,1292.67
be,be,1292.67,1292.8200000000002
honest,honest,1292.82,1292.95
I,i,1292.95,1292.96
kind,kind,1296.16,1296.2
of,of,1296.2,1296.22
make,make,1296.38,1296.41
up,up,1296.41,1296.51
a,,,
little,,,
bit,,,
of,,,
a,,,
lie,,,
to,to,1297.04,1297.06
getting,getting,1297.07,1297.33
you,you,1297.33,1297.47
in,in,1297.47,1297.83
come,come,1298.59,1298.8799999999999
on,on,1298.8799999999999,1299.0
come,come,1299.8799999999999,1300.1699999999998
on,on,1300.1699999999998,1300.33
it's,it's,1303.09,1303.26
gotta,,,
be,be,1304.889999,1305.109999
then,then,1305.11,1305.3999999999999
you've,you've,1306.23,1306.3
got,got,1306.3,1306.4099999999999
to,to,1306.41,1306.47
find,find,1306.469999,1306.8199989999998
it,it,1306.82,1306.9199999999998
from,from,1306.92,1307.0900000000001
somewhere,somewhere,1307.09,1307.59
this,this,1308.33,1308.54
is,is,1308.54,1308.77
no,no,1308.77,1309.04
longer,longer,1309.059999,1309.429999
physical,physical,1309.429999,1309.989999
understand,understand,1309.99,1310.63
that,that,1310.63,1310.8700000000001
your,your,1311.07,1311.29
body,body,1311.32,1311.57
wants,wants,1311.57,1311.8999999999999
to,to,1311.9,1312.0300000000002
give,give,1312.029999,1312.2299990000001
up,up,1312.23,1312.58
it,it,1313.299999,1313.389999
wants,wants,1313.4,1313.8400000000001
to,to,1313.85,1313.99
stop,stop,1313.99,1314.5
only,only,1315.09,1315.55
the,the,1315.57,1315.6799999999998
mind,mind,1315.68,1316.3100000000002
can,can,1316.77,1317.03
win,win,1317.03,1317.45
at,at,1317.8,1317.93
this,this,1317.94,1318.25
point,point,1318.25,1318.58
3,<unk>,1318.59,1318.6
2,<unk>,1318.61,1319.1899999999998
1,<unk>,1322.9,1322.91
oh,oh,1322.92,1323.3400000000001
big,big,1324.0300000000002,1324.0600000000002
breathes,breathes,1324.0600000000002,1324.1100000000001
Wade,wade,1324.1100000000001,1324.14
big,big,1326.17,1326.3000000000002
breaths,breaths,1326.3,1326.59
big,big,1326.929999,1327.089999
breathes,breathes,1328.629999,1328.909999
I'm,i'm,1329.46,1329.6000000000001
feeling,feeling,1329.599999,1329.939999
it,it,1329.94,1330.04
with,,,
you,you,1330.209999,1330.3099989999998
buddy,buddy,1330.309999,1330.549999
I'm,i'm,1331.139999,1331.2599989999999
feeling,feeling,1331.26,1331.59
the,the,1331.59,1331.6899999999998
pain,pain,1331.6899999999998,1332.09
we're,we're,1334.4999999999998,1334.7099999999998
all,all,1334.7099999999998,1334.8899999999999
there,there,1334.8899999999999,1334.9899999999998
it's,it's,1336.68,1336.95
good,good,1336.95,1337.2
pain,pain,1337.2,1337.49
I'm,i'm,1337.49,1337.6
glad,glad,1337.6,1337.85
you,you,1337.85,1337.99
think,think,1338.02,1338.21
that,that,1338.21,1338.38
Wade,wade,1338.38,1338.7
I'm,i'm,1339.04,1339.19
not,not,1339.19,1339.3300000000002
so,so,1339.33,1339.3999999999999
sure,sure,1339.4,1339.67
right,right,1339.67,1339.89
now,now,1339.89,1340.1000000000001
three,three,1340.099999,1340.539999
two,two,1341.16,1341.5700000000002
one,one,1342.05,1342.3799999999999
here,here,1342.38,1342.5100000000002
we,we,1342.51,1342.6299999999999
go,go,1342.9399999999998,1342.9599999999998
hamstring,hamstring,1343.77,1344.2
punches,punches,1344.2,1344.75
and,,,
I,i,1345.24,1345.29
almost,almost,1345.29,1345.48
lost,lost,1345.53,1345.79
my,my,1345.79,1345.9099999999999
bearings,bearings,1345.91,1346.49
nice,nice,1347.25,1347.54
and,and,1347.54,1347.67
strong,strong,1347.67,1347.95
core,core,1348.529999,1348.809999
tight,tight,1348.84,1349.37
we're,we're,1351.51,1351.55
actually,actually,1351.55,1351.94
switching,switching,1351.94,1352.6100000000001
out,out,1352.61,1352.8999999999999
the,the,1353.41,1353.5600000000002
last,last,1353.56,1354.0
exercise,exercise,1354.0,1354.93
which,which,1355.4,1355.5600000000002
was,was,1355.56,1355.69
obliques,<unk>,1355.69,1356.7
before,before,1356.76,1357.3799999999999
because,because,1357.65,1357.8000000000002
I,i,1357.8,1357.85
want,want,1357.85,1358.0
to,to,1358.0,1358.06
keep,keep,1358.059999,1358.309999
the,the,1358.309999,1358.419999
energy,energy,1358.42,1358.77
high,high,1358.77,1359.19
and,and,1359.63,1359.7700000000002
I've,i've,1359.77,1359.8799999999999
got,got,1359.88,1360.0100000000002
a,a,1360.01,1360.11
little,little,1360.11,1360.4399999999998
treat,treat,1360.44,1360.8500000000001
for,for,1360.86,1361.1399999999999
you,you,1361.139999,1361.359999
it's,it's,1361.969999,1362.119999
called,called,1362.12,1362.33
run,run,1362.33,1362.75
punch,punch,1363.259999,1363.879999
star,star,1364.09,1364.77
it's,it's,1365.38,1365.5300000000002
20,<unk>,1365.559999,1366.169999
seconds,seconds,1366.199999,1366.919999
of,of,1367.27,1367.47
each,each,1367.469999,1367.679999
of,of,1367.68,1367.8300000000002
them,them,1367.83,1368.28
back,back,1368.74,1369.31
to,to,1369.59,1369.78
back,back,1370.15,1370.3100000000002
so,so,1370.72,1370.8600000000001
20,<unk>,1370.86,1371.1799999999998
seconds,seconds,1371.19,1371.55
of,of,1371.55,1371.68
marching,marching,1371.68,1372.3100000000002
fast,fast,1373.03,1373.73
or,or,1373.82,1374.06
running,running,1374.06,1374.51
20,<unk>,1375.04,1375.54
seconds,,,
of,,,
punches,punches,1375.6,1376.1899999999998
and,and,1376.71,1376.79
20,<unk>,1376.79,1377.1299999999999
seconds,seconds,1377.139999,1377.799999
and,and,1379.359999,1379.599999
ease,ease,1379.599999,1380.039999
and,,,
20,<unk>,1380.94,1381.28
seconds,seconds,1381.29,1381.76
keep,keep,1381.759999,1381.9899990000001
your,your,1382.0,1382.13
bodies,bodies,1382.13,1382.5200000000002
moving,moving,1382.52,1382.77
and,and,1383.63,1383.7700000000002
20,<unk>,1383.77,1384.27
seconds,seconds,1384.299999,1384.9399990000002
of,of,1385.48,1385.65
your,your,1385.65,1385.8700000000001
choice,choice,1385.869999,1386.179999
of,of,1386.18,1386.3300000000002
stars,stars,1386.33,1386.79
Angie's,<unk>,1387.82,1387.83
going,going,1387.85,1388.1
high,high,1388.1,1388.32
impact,impact,1388.32,1388.97
me,me,1389.43,1389.5900000000001
and,and,1389.59,1389.6899999999998
Wade,wade,1389.69,1389.94
we're,we're,1389.94,1390.0700000000002
going,going,1390.07,1390.37
low,low,1390.37,1390.62
fast,fast,1391.56,1392.01
march,march,1392.01,1392.43
or,or,1392.43,1392.5900000000001
run,run,1392.59,1392.8999999999999
power,power,1393.5,1393.85
punches,punches,1393.85,1394.54
and,and,1394.59,1394.8
stars,stars,1394.82,1395.54
in,in,1396.4,1396.5900000000001
three,three,1396.61,1397.01
60,<unk>,1397.04,1397.33
seconds,seconds,1397.38,1397.8700000000001
two,two,1397.87,1398.33
and,and,1399.45,1399.68
one,one,1399.679999,1399.919999
here,here,1399.92,1400.03
we,we,1400.03,1400.1399999999999
go,go,1400.9599999999998,1400.9799999999998
fast,fast,1400.9799999999998,1401.03
as,,,
you,you,1401.2,1401.39
can,can,1401.389999,1401.679999
now,now,1401.69,1401.99
core,core,1402.41,1402.68
strong,strong,1402.68,1403.14
let's,let's,1404.66,1404.9
push,push,1404.92,1405.3700000000001
come,come,1405.81,1406.07
on,on,1406.07,1406.1899999999998
come,come,1406.89,1407.1200000000001
on,on,1407.12,1407.2199999999998
Angie,angie,1407.22,1407.72
come,come,1408.84,1409.04
on,on,1409.04,1409.23
she's,she's,1410.2,1410.3600000000001
putting,putting,1410.36,1410.6299999999999
some,some,1410.63,1410.8100000000002
punches,punches,1410.81,1411.29
in,in,1411.29,1411.53
I,i,1411.88,1412.0800000000002
love,love,1412.08,1412.3999999999999
that,that,1412.4,1412.65
spirit,spirit,1412.66,1413.24
look,look,1413.53,1414.09
at,at,1414.38,1414.69
that,that,1415.13,1415.5
three,three,1416.099999,1416.589999
come,come,1417.099999,1417.319999
on,on,1417.32,1417.3999999999999
two,two,1418.059999,1418.4999990000001
and,and,1419.849999,1420.209999
one,one,1420.209999,1420.609999
and,and,1420.879999,1421.009999
we're,we're,1421.009999,1421.119999
straight,straight,1421.119999,1421.229999
in,in,1421.4,1421.74
punches,punches,1422.02,1422.55
let's,let's,1422.55,1422.76
go,go,1422.76,1423.14
20,<unk>,1423.56,1423.85
seconds,seconds,1423.86,1424.1799999999998
of,of,1424.18,1424.27
punches,punches,1424.27,1424.94
power,power,1425.26,1425.72
power,power,1426.27,1426.69
come,come,1427.05,1427.23
on,,,
Wade,,,
all,all,1427.96,1428.1100000000001
the,,,
way,way,1428.19,1428.38
now,now,1428.38,1428.5300000000002
bud,bud,1428.53,1428.76
all,all,1429.27,1429.43
the,the,1429.43,1429.53
way,way,1429.53,1429.86
all,all,1432.98,1433.0
the,,,
way,,,
all,,,
the,,,
way,way,1433.02,1433.05
out,out,1433.05,1433.25
Angie,angie,1434.16,1434.2
all,all,1434.2,1434.22
the,the,1434.22,1434.24
way,way,1434.24,1434.44
out,,,
come,,,
on,,,
come,,,
on,,,
Wade,,,
focusing,,,
focus,focus,1435.0,1435.24
it,it,1435.24,1435.3
three,three,1436.299999,1436.669999
two,two,1437.4,1437.77
and,and,1438.58,1438.8799999999999
one,one,1438.879999,1439.269999
and,and,1439.98,1440.2
stars,stars,1440.199999,1440.649999
let's,let's,1440.69,1440.89
go,go,1440.89,1441.15
20,<unk>,1443.24,1443.54
seconds,seconds,1443.55,1443.95
of,of,1443.95,1444.0800000000002
stars,stars,1444.08,1444.6699999999998
ahh,ahh,1445.82,1446.1599999999999
we,we,1447.72,1447.8500000000001
can,can,1447.85,1448.02
see,see,1448.02,1448.2
the,the,1448.2,1448.31
finish,finish,1448.309999,1448.6999990000002
line,line,1448.7,1449.13
like,like,1451.509999,1451.799999
thoroughbred,thoroughbred,1451.82,1452.49
horses,horses,1452.49,1453.24
we,we,1453.5,1453.67
are,are,1453.67,1453.8400000000001
running,running,1453.84,1454.29
to,to,1454.29,1454.53
it,it,1454.53,1454.77
that's,that's,1455.429999,1455.659999
how,how,1455.66,1455.8400000000001
we,we,1455.839999,1456.019999
feel,,,
that's,that's,1456.41,1456.71
who,who,1456.709999,1456.879999
we,we,1456.9,1457.13
are,are,1457.129999,1457.489999
three,three,1457.84,1458.4399999999998
two,two,1459.09,1459.62
and,and,1460.57,1460.79
one,one,1460.79,1461.1399999999999
and,and,1462.05,1462.2
March,march,1462.2,1462.76
oh,oh,1463.53,1463.81
I'm,i'm,1464.89,1465.0600000000002
really,really,1465.06,1465.25
sorry,sorry,1465.25,1465.48
about,about,1465.48,1465.69
this,this,1465.69,1465.8400000000001
guy's,guy's,1465.84,1466.1999999999998
we're,we're,1466.809999,1466.929999
doing,doing,1466.929999,1467.119999
it,it,1467.12,1467.2099999999998
again,again,1467.22,1467.6000000000001
but,but,1471.509999,1471.6399990000002
I'm,i'm,1471.639999,1471.799999
changing,changing,1471.799999,1472.299999
the,the,1472.33,1472.46
order,order,1472.46,1472.94
we're,we're,1473.25,1473.39
gonna,gonna,1473.389999,1473.559999
go,go,1473.57,1473.74
runs,runs,1473.75,1474.35
stars,stars,1474.440001,1475.370001
and,and,1475.879999,1476.049999
then,then,1476.049999,1476.1799990000002
I,i,1476.18,1476.26
want,want,1476.289999,1476.4899990000001
to,to,1476.49,1476.6
see,see,1476.61,1476.83
punches,punches,1476.85,1477.3999999999999
like,like,1477.4,1477.69
Bruce,bruce,1477.69,1478.21
Muhammad,muhammad,1478.5,1479.02
Ali,ali,1479.1,1479.7099999999998
three,three,1480.37,1480.8799999999999
two,two,1481.68,1481.94
one,one,1482.68,1483.1000000000001
start,start,1483.58,1483.9299999999998
with,with,1483.93,1484.05
a,a,1484.05,1484.1
run,run,1484.099999,1484.399999
the,the,1484.83,1484.85
last,last,1484.86,1485.11
60,<unk>,1485.11,1485.4799999999998
seconds,seconds,1485.49,1485.9
today,today,1485.9,1486.3600000000001
into,into,1486.75,1487.12
the,the,1487.12,1487.25
star,star,1487.259999,1487.759999
and,and,1488.3,1488.47
then,then,1488.469999,1488.649999
punch,punch,1488.679999,1489.319999
like,like,1489.7,1490.0900000000001
you,you,1490.09,1490.29
mean,mean,1490.309999,1490.639999
it,it,1490.639999,1490.789999
come,come,1491.5,1491.75
on,on,1491.75,1492.02
come,come,1493.459999,1493.7599989999999
on,on,1493.8599989999998,1493.969999
let's,let's,1498.489999,1498.719999
work,work,1498.719999,1499.189999
three,three,1499.669999,1500.1099989999998
two,two,1501.1099989999998,1501.5999989999998
one,one,1502.6899979999998,1503.1599979999999
stars,stars,1503.4399979999998,1503.569998
let's,let's,1503.99,1504.2
go,go,1504.2,1504.6100000000001
stay,stay,1509.099999,1509.389999
with,with,1509.389999,1509.559999
it,it,1509.559999,1509.7199990000001
desire,desire,1510.279999,1510.849999
drive,drive,1511.309999,1512.009999
come,come,1512.539999,1512.779999
on,on,1512.779999,1512.899999
let's,let's,1512.9,1513.0900000000001
push,push,1513.12,1513.6499999999999
let's,let's,1514.02,1514.26
work,work,1514.27,1514.84
let's,let's,1515.35,1515.61
dig,dig,1515.61,1515.9799999999998
first,first,1519.2899999999997,1519.5999999999997
workout,workout,1519.5999999999997,1519.9299999999998
almost,almost,1520.099999,1520.529999
done,done,1520.53,1520.8899999999999
three,three,1520.929999,1521.419999
two,two,1522.059999,1522.4999990000001
one,one,1523.2,1523.68
and,and,1523.98,1524.25
punch,punch,1524.25,1524.82
come,come,1525.549999,1525.7399990000001
on,on,1525.74,1525.84
I,i,1526.38,1526.46
want,want,1526.46,1526.63
to,to,1526.63,1526.71
see,see,1526.719999,1526.889999
the,the,1526.889999,1527.039999
very,very,1527.08,1527.3799999999999
most,most,1527.38,1527.63
powerful,powerful,1527.639999,1528.159999
punches,punches,1528.16,1528.67
you've,you've,1528.67,1528.79
got,got,1528.789999,1528.9799990000001
that's,,,
it,it,1529.469999,1529.5699989999998
Wade,wade,1529.58,1529.8
come,come,1529.799999,1529.9699990000001
on,on,1529.969999,1530.0399989999999
come,come,1530.33,1530.6399999999999
on,on,1530.8,1530.82
show,show,1530.85,1531.07
us,us,1531.07,1531.1499999999999
how,how,1531.15,1531.2800000000002
it's,it's,1531.289999,1531.409999
done,done,1531.41,1531.66
everybody's,everybody's,1531.93,1532.45
there,there,1532.45,1532.73
everybody's,everybody's,1533.0,1533.53
with,with,1533.53,1533.74
us,us,1533.74,1533.99
fight,fight,1534.26,1534.55
push,push,1535.01,1535.54
work,work,1535.69,1536.13
come,come,1536.22,1536.43
on,on,1536.43,1536.53
Angie,angie,1536.53,1537.01
look,look,1537.3,1537.49
at,at,1537.49,1537.61
the,the,1537.61,1537.6999999999998
speed,speed,1537.7,1538.32
ha,ha,1538.59,1538.85
work,work,1539.309999,1539.639999
through,through,1539.67,1539.91
now,now,1539.92,1540.14
come,come,1540.17,1540.3600000000001
on,on,1540.36,1540.59
drive,drive,1540.92,1541.5900000000001
desire,desire,1541.98,1542.63
push,push,1543.049999,1543.559999
dig,dig,1543.82,1544.24
three,three,1544.52,1544.99
come,come,1545.29,1545.59
on,on,1545.589999,1545.819999
two,two,1545.929999,1546.339999
one,one,1547.329999,1547.759999
come,come,1550.26,1550.48
on,on,1550.48,1550.8700000000001
great,great,1553.61,1553.9099999999999
job,job,1553.91,1554.18
Angie,angie,1554.18,1554.75
great,great,1555.1,1555.4099999999999
job,job,1555.41,1555.8700000000001
come,come,1560.27,1560.5
here,here,1561.18,1561.21
first,first,1561.49,1561.8700000000001
ever,ever,1561.87,1562.1799999999998
buddies,buddies,1562.559999,1562.849999
project,project,1562.87,1563.2199999999998
work,work,1563.219999,1563.5499989999998
out,out,1563.549999,1563.759999
how,how,1563.79,1564.1399999999999
well,well,1564.139999,1564.769999
did,did,1565.02,1565.23
these,these,1565.23,1565.45
guys,guys,1565.449999,1565.749999
do,do,1565.75,1566.12
it,it,1566.59,1566.6899999999998
is,is,1566.699999,1566.889999
like,like,1566.89,1567.14
we've,we've,1567.14,1567.2900000000002
all,all,1567.29,1567.3799999999999
been,been,1567.38,1567.5800000000002
in,in,1567.58,1567.6799999999998
the,the,1567.68,1567.77
shower,shower,1567.77,1568.28
right,right,1568.51,1568.83
yeah,yeah,1568.83,1568.99
let's,let's,1569.47,1569.69
get,get,1569.69,1569.9
stretched,stretched,1569.9,1570.2900000000002
off,off,1570.29,1570.61
what,what,1571.0,1571.24
a,a,1571.24,1571.29
fantastic,fantastic,1571.29,1572.29
effort,effort,1572.29,1572.6399999999999
keep,keep,1573.37,1573.6299999999999
marching,marching,1573.64,1574.23
keep,keep,1574.24,1574.47
moving,moving,1574.48,1575.06
little,little,1576.61,1576.86
side,side,1576.86,1577.25
steps,steps,1577.25,1577.69
now,now,1577.69,1578.16
that,that,1580.559999,1580.909999
is,is,1581.52,1581.67
what,what,1581.67,1581.8700000000001
I,i,1581.87,1581.9899999999998
call,call,1582.029999,1582.4099990000002
a,a,1583.690001,1583.820001
kick,kick,1583.82,1584.11
off,off,1584.109999,1584.319999
workout,workout,1584.32,1584.9299999999998
I,i,1585.59,1585.82
just,just,1585.83,1586.11
figured,figured,1586.11,1586.62
if,if,1587.37,1587.4899999999998
you're,you're,1587.49,1587.58
gonna,gonna,1587.58,1587.77
be,be,1587.78,1588.01
here,here,1588.01,1588.24
of,of,1588.24,1588.36
filming,filming,1588.36,1588.84
we,we,1589.24,1589.4
might,might,1589.4,1589.6100000000001
as,as,1589.61,1589.6999999999998
well,well,1589.7,1589.8300000000002
go,go,1589.87,1590.04
in,in,1590.04,1590.1
at,,,
the,,,
deep,deep,1590.31,1590.53
end,end,1590.58,1590.79
right,right,1590.79,1591.02
we,we,1591.58,1591.76
might,might,1591.76,1592.0
as,as,1592.02,1592.18
well,well,1592.179999,1592.469999
just,just,1592.47,1592.71
go,go,1592.71,1592.99
in,in,1592.99,1593.19
and,,,
get,,,
it,it,1593.8,1593.82
done,done,1593.82,1594.07
how,how,1594.07,1594.33
good,good,1594.36,1594.74
does,does,1595.42,1595.6100000000001
it,it,1595.61,1595.76
feel,feel,1595.8,1596.05
now,now,1596.05,1596.3
how,how,1596.3,1596.48
good,good,1596.48,1596.65
do,do,1596.66,1596.75
you,you,1596.75,1596.98
feel,feel,1596.98,1597.3700000000001
having,having,1597.889999,1598.119999
done,done,1598.12,1598.31
that,that,1598.309999,1598.4999990000001
session,session,1598.5,1598.92
today,today,1598.92,1599.29
little,little,1600.309999,1600.519999
open,open,1600.52,1600.76
up,up,1600.76,1600.86
at,,,
the,the,1600.9,1601.02
arms,arms,1601.02,1601.43
we're,we're,1602.83,1602.97
gonna,gonna,1602.98,1603.1
start,start,1603.13,1603.5200000000002
our,our,1603.52,1603.6
stretch,stretch,1603.63,1603.99
we'll,we'll,1603.99,1604.08
just,just,1604.08,1604.1599999999999
let,let,1604.16,1604.27
that,that,1604.27,1604.33
heart,heart,1604.49,1604.85
rate,rate,1604.85,1604.9199999999998
come,come,1605.09,1605.34
down,down,1605.34,1605.6699999999998
it,it,1606.15,1606.2800000000002
takes,takes,1606.28,1606.58
a,a,1606.58,1606.62
little,little,1606.62,1606.85
while,while,1606.85,1607.31
and,and,1608.92,1609.18
stretch,stretch,1609.19,1609.64
out,out,1609.64,1609.91
right,right,1610.559999,1610.789999
leg,leg,1610.79,1610.95
first,first,1610.95,1611.51
with,with,1611.84,1612.03
the,the,1612.03,1612.1299999999999
quad,quad,1612.13,1612.5
core,core,1613.11,1613.3999999999999
tight,tight,1613.4,1614.0
nice,nice,1616.599999,1616.839999
deep,deep,1616.839999,1617.099999
breaths,breaths,1622.939999,1623.099999
and,and,1625.259999,1625.379999
then,then,1625.769999,1625.869999
change,change,1625.869999,1626.209999
over,over,1626.209999,1626.2399990000001
to,to,1626.41,1626.51
the,the,1626.51,1626.65
other,other,1626.65,1626.8300000000002
side,side,1626.83,1627.1699999999998
breathe,breathe,1635.96,1636.21
in,,,
deep,,,
I,i,1636.889999,1636.939999
am,am,1636.940001,1637.0500009999998
honestly,honestly,1637.049999,1637.399999
still,still,1637.4,1637.64
struggling,struggling,1637.639999,1638.0099989999999
to,to,1638.02,1638.11
get,get,1638.109999,1638.269999
my,my,1638.27,1638.4
breath,breath,1638.4,1638.6200000000001
back,back,1638.65,1638.8500000000001
that's,that's,1639.82,1640.0
how,how,1640.0,1640.15
it's,it's,1640.3000000000002,1640.3300000000002
feeling,feeling,1640.3300000000002,1640.72
like,like,1640.72,1640.8200000000002
a,a,1640.99,1641.0
nice,nice,1641.0,1641.23
stretch,stretch,1641.24,1641.67
through,through,1641.67,1641.89
the,the,1641.89,1642.0
quads,quads,1642.0,1642.5
low,low,1644.3,1644.6399999999999
impact,impact,1644.64,1645.26
I'll,i'll,1645.35,1645.52
say,say,1645.52,1645.79
again,again,1645.82,1646.22
all,all,1646.69,1647.03
standing,standing,1647.05,1647.9099999999999
that,that,1648.139999,1648.589999
was,was,1649.01,1649.6
a,a,1650.099999,1650.2399990000001
body,body,1650.24,1650.73
changing,changing,1650.73,1651.46
change,change,1651.46,1652.05
juice,juice,1652.049999,1652.399999
filled,filled,1652.45,1652.73
workout,workout,1652.74,1653.02
core,core,1654.99,1655.28
strong,strong,1655.279999,1655.799999
and,and,1657.5,1657.68
as,as,1657.68,1657.8200000000002
long,long,1657.85,1658.4199999999998
as,as,1658.48,1658.75
you're,you're,1658.75,1658.95
here,here,1658.95,1659.26
stretching,stretching,1659.26,1659.8
with,with,1659.8,1660.0
us,us,1660.0,1660.42
whether,whether,1660.52,1660.91
you,you,1660.91,1661.16
press,press,1661.17,1661.5600000000002
pause,pause,1661.61,1662.02
20,<unk>,1662.73,1662.91
times,times,1662.91,1663.3000000000002
whether,whether,1663.34,1663.6399999999999
you,you,1663.64,1663.7900000000002
did,did,1663.79,1664.01
half,half,1664.15,1664.5500000000002
of,of,1664.55,1664.74
each,each,1664.74,1664.96
section,section,1664.96,1665.46
or,or,1665.73,1665.91
10,<unk>,1665.99,1666.3
percent,percent,1666.3,1666.7
of,of,1666.7,1666.82
each,each,1666.82,1667.03
section,section,1667.03,1667.3899999999999
it,it,1667.62,1667.8
doesn't,doesn't,1667.809999,1668.2199990000001
matter,matter,1668.23,1668.79
because,because,1669.02,1669.19
you,you,1669.19,1669.31
can,can,1669.309999,1669.4999990000001
come,come,1669.5,1669.74
back,back,1669.74,1669.98
tomorrow,tomorrow,1669.98,1670.58
and,and,1670.79,1671.0
do,do,1671.0,1671.18
a,a,1671.179999,1671.239999
little,little,1671.24,1671.46
bit,bit,1671.46,1671.67
more,more,1671.67,1672.0600000000002
if,if,1672.43,1672.6000000000001
you,you,1672.6,1672.76
marched,marched,1672.77,1673.51
through,through,1673.779999,1674.029999
the,the,1674.029999,1674.1599990000002
whole,whole,1674.16,1674.41
session,session,1674.43,1675.0
that's,that's,1675.35,1675.8999999999999
great,great,1675.9,1676.3300000000002
never,never,1676.72,1677.26
question,question,1677.26,1677.78
yourself,yourself,1677.78,1678.3
every,every,1678.47,1679.16
moment,moment,1679.17,1679.64
that,that,1679.64,1679.67
you,you,1679.76,1680.03
move,move,1680.04,1680.42
your,your,1680.42,1680.6100000000001
body,body,1680.61,1681.08
is,is,1681.32,1681.49
a,a,1681.49,1681.6
step,step,1681.64,1682.23
towards,towards,1682.5,1683.24
the,the,1683.5,1683.7
outcome,outcome,1683.74,1684.3700000000001
that,that,1684.599999,1684.779999
you,you,1684.78,1684.96
want,want,1684.96,1685.49
it's,it's,1686.09,1686.35
not,not,1686.37,1686.6699999999998
gonna,gonna,1686.679999,1686.979999
be,be,1687.0,1687.25
dramatic,dramatic,1687.259999,1688.009999
change,change,1688.309999,1688.9399990000002
comes,comes,1688.96,1689.57
because,because,1689.799999,1690.069999
of,of,1690.07,1690.1899999999998
consistent,consistent,1690.26,1691.24
decisions,decisions,1691.41,1692.21
and,and,1692.209999,1692.3099989999998
the,the,1692.34,1692.47
day,day,1692.47,1692.74
is,is,1692.74,1692.8700000000001
a,a,1692.87,1692.9699999999998
workout,workout,1692.97,1693.6200000000001
but,,,
done,done,1694.36,1694.8
however,however,1695.53,1696.16
you,you,1696.16,1696.4
did,did,1696.4,1696.67
with,with,1696.67,1696.8400000000001
it,it,1696.84,1697.04
it,,,
is,,,
done,done,1697.59,1697.8799999999999
it,it,1697.88,1697.95
is,is,1698.02,1698.19
the,the,1698.19,1698.31
win,win,1698.32,1698.7
and,and,1698.94,1699.1200000000001
nobody,nobody,1699.12,1699.6299999999999
can,can,1699.63,1699.7800000000002
take,take,1699.82,1700.02
that,that,1700.02,1700.16
away,away,1700.16,1700.47
from,from,1700.48,1700.65
you,you,1700.65,1700.74
now,now,1700.77,1701.06
it's,it's,1701.42,1701.65
a,a,1701.65,1701.75
win,win,1701.75,1702.17
we've,we've,1702.219999,1702.479999
won,won,1702.5,1702.88
it's,it's,1703.17,1703.43
over,over,1703.429999,1703.7899989999999
